Trans_ID,Date,Customer_ID,Product_ID,Rep_ID,Qty_KG,Discount_Pct,Shipping_Cost
T0001,2025-01-01,C07,P03,R03,216.0,0.0,600.0
T0002,2025-01-01,C06,P05,R03,2489.0,0.25,1448.0
T0003,2025-01-01,C15,P01,R03,911.0,0.35,803.0
T0004,2025-01-01,C06,P02,R05,1645.0,0.0,1141.0
T0005,2025-01-01,C09,P02,R04,808.0,0.1,3687.0
T0006,2025-01-02,C13,P05,R02,521.0,0.05,702.0
T0007,2025-01-02,C13,P02,R04,521.0,0.0,509.0
T0008,2025-01-02,C11,P01,R01,98.0,0.0,1692.0
T0009,2025-01-03,C11,P01,R03,113.0,0.1,1169.0
T0010,2025-01-03,C14,P05,R05,87.0,0.05,561.0
T0011,2025-01-04,C11,P01,R03,218.0,0.0,2517.0
T0012,2025-01-04,C13,P05,R07,2443.0,0.15,1260.0
T0013,2025-01-04,C12,P99,R01,1721.0,0.15,891.0
T0014,2025-01-06,C04,P04,R01,143.0,0.05,316.0
T0015,2025-01-06,C06,P04,R04,426.0,0.0,424.0
T0016,2025-01-06,C01,P01,R06,240.0,0.1,578.0
T0017,2025-01-07,C10,P05,R04,591.0,0.1,782.0
T0018,2025-01-07,C05,P04,R08,,0.0,3281.0
T0019,2025-01-07,C07,P04,R02,142.0,0.0,646.0
T0020,2025-01-08,C05,P03,R01,275.0,0.25,3112.0
T0021,2025-01-09,C02,P04,R04,96.0,0.0,284.0
T0022,2025-01-09,C09,P03,R05,933.0,0.1,3404.0
T0023,2025-01-09,C06,P02,R05,1504.0,0.0,1127.0
T0024,2025-01-10,C06,P03,R05,1702.0,0.25,1094.0
T0025,2025-01-11,C10,P04,R07,,0.05,1269.0
T0026,2025-01-12,C07,P04,R03,29.0,0.35,294.0
T0027,2025-01-12,C05,P04,R01,244.0,0.35,1476.0
T0028,2025-01-12,C15,P05,R08,324.0,0.35,573.0
T0029,2025-01-12,C10,P02,R04,819.0,0.35,838.0
T0030,2025-01-13,C08,P02,R03,781.0,0.15,781.0
T0031,2025-01-13,C15,P04,R05,2383.0,0.0,1257.0
T0032,2025-01-14,C11,P02,R08,123.0,0.25,1259.0
T0033,2025-01-15,C01,P02,R06,128.0,0.0,
T0034,2025-01-15,C13,P03,R05,1406.0,0.25,1137.0
T0035,2025-01-15,C05,P04,R08,230.0,0.15,2945.0
T0036,2025-01-17,C09,P05,R08,1860.0,0.25,4980.0
T0037,2025-01-17,C15,P01,R06,340.0,0.35,361.0
T0038,2025-01-17,C03,P01,R02,115.0,0.0,351.0
T0039,2025-01-17,C07,P04,R01,167.0,0.0,344.0
T0040,2025-01-17,C15,P04,R08,1125.0,0.25,1031.0
T0041,2025-01-18,C03,P01,R07,273.0,0.35,334.0
T0042,2025-01-19,C07,P03,R02,232.0,0.05,331.0
T0043,2025-01-20,C04,P04,R07,108.0,0.15,348.0
T0044,2025-01-20,C12,P02,R08,1455.0,0.35,967.0
T0045,2025-01-20,C14,P04,R04,73.0,0.0,293.0
T0046,2025-01-20,C02,P02,R01,249.0,0.1,656.0
T0047,2025-01-21,C01,P04,R03,26.0,0.05,234.0
T0048,2025-01-21,C07,P01,R04,194.0,0.0,335.0
T0049,2025-01-21,C14,P04,R04,208.0,0.35,617.0
T0050,2025-01-22,C07,P03,R03,165.0,0.0,317.0
T0051,22/01/2025,C09,P02,R01,512.0,0.0,1868.0
T0052,22/01/2025,C11,P05,R05,116.0,0.05,3144.0
T0053,22/01/2025,C09,P02,R05,343.0,0.15,
T0054,24/01/2025,C09,P05,R02,1605.0,0.15,5007.0
T0055,25/01/2025,C15,P05,R01,,0.0,557.0
T0056,25/01/2025,C14,P03,R07,221.0,0.25,507.0
T0057,26/01/2025,C02,P03,R08,69.0,0.1,491.0
T0058,27/01/2025,C13,P04,R03,2203.0,0.0,1421.0
T0059,27/01/2025,C08,P03,R01,727.0,0.1,696.0
T0060,27/01/2025,C09,P05,R05,664.0,0.05,3881.0
T0061,28/01/2025,C09,P04,R08,1680.0,0.25,3815.0
T0062,28/01/2025,C14,P05,R01,60.0,0.0,342.0
T0063,28/01/2025,C11,P02,R02,60.0,0.0,2195.0
T0064,28/01/2025,C02,P02,R03,117.0,0.25,615.0
T0065,29/01/2025,C07,P03,R01,51.0,0.35,446.0
T0066,29/01/2025,C04,P02,R01,287.0,0.0,617.0
T0067,29/01/2025,C04,P05,R08,94.0,0.25,
T0068,29/01/2025,C13,P01,R02,324.0,0.0,398.0
T0069,30/01/2025,C05,P03,R07,238.0,0.1,2267.0
T0070,30/01/2025,C15,P03,R08,338.0,0.35,535.0
T0071,,C05,P05,R07,,0.0,3072.0
T0072,02/02/2025,C13,P03,R03,1438.0,0.05,952.0
T0073,03/02/2025,C05,P03,R03,288.0,0.1,2252.0
T0074,03/02/2025,C14,P05,R04,117.0,0.15,374.0
T0075,03/02/2025,C11,P04,R04,234.0,0.35,2491.0
T0076,03/02/2025,C12,P05,R02,1019.0,0.0,964.0
T0077,03/02/2025,C09,P02,R07,1238.0,0.1,4772.0
T0078,04/02/2025,C14,P01,R05,127.0,0.35,425.0
T0079,04/02/2025,C06,P04,R02,2396.0,0.1,1228.0
T0080,05/02/2025,C03,P01,R06,114.0,0.0,371.0
T0081,05/02/2025,C08,P05,R04,1189.0,0.25,823.0
T0082,07/02/2025,C14,P04,R04,39.0,0.0,523.0
T0083,07/02/2025,C11,P03,R07,200.0,0.05,2740.0
T0084,08/02/2025,C15,P03,R02,2229.0,0.0,1108.0
T0085,08/02/2025,C15,P03,R04,1374.0,0.35,975.0
T0086,09/02/2025,C04,P01,R06,298.0,0.1,563.0
T0087,09/02/2025,C11,P05,R06,225.0,0.0,2422.0
T0088,09/02/2025,C04,P03,R01,156.0,0.25,456.0
T0089,09/02/2025,C99,P02,R07,132.0,0.0,285.0
T0090,10/02/2025,C12,P04,R01,457.0,0.0,446.0
T0091,2025-02-10,C10,P02,R08,1185.0,0.35,733.0
T0092,2025-02-10,C05,P04,R02,190.0,0.05,1735.0
T0093,2025-02-11,C10,P05,R04,1373.0,0.15,764.0
T0094,2025-02-11,C04,P03,R07,165.0,0.0,420.0
T0095,2025-02-12,C08,P03,R02,2077.0,0.0,1138.0
T0096,2025-02-13,C14,P05,R07,179.0,0.05,337.0
T0097,2025-02-13,C15,P05,R03,497.0,0.05,506.0
T0098,2025-02-14,C15,P01,R04,679.0,0.0,772.0
T0099,2025-02-14,C01,P02,R08,256.0,0.0,449.0
T0100,2025-02-15,C03,P03,R02,146.0,0.0,519.0
T0101,2025-02-15,C09,P03,R07,2469.0,0.15,5693.0
T0102,2025-02-15,C11,P02,R02,30.0,0.35,2510.0
T0103,2025-02-17,C10,P05,R03,742.0,0.15,784.0
T0104,2025-02-18,C08,P02,R02,1519.0,0.35,820.0
T0105,2025-02-18,C10,P03,R05,1707.0,0.0,1221.0
T0106,2025-02-18,C12,P04,R06,-500.0,0.0,766.0
T0107,,C05,P03,R07,264.0,0.35,1801.0
T0108,2025-02-19,C14,P05,R02,177.0,0.05,653.0
T0109,2025-02-20,C01,P05,R01,209.0,0.1,588.0
T0110,2025-02-20,C09,P04,R08,1071.0,0.15,3341.0
T0111,2025-02-20,C13,P05,R02,2343.0,0.15,1389.0
T0112,2025-02-21,C09,P02,R03,2027.0,0.35,4535.0
T0113,2025-02-22,C09,P04,R08,1113.0,0.35,3969.0
T0114,2025-02-22,C13,P01,R01,916.0,0.35,593.0
T0115,2025-02-22,C11,P01,R06,191.0,0.0,2336.0
T0116,,C05,P03,R07,214.0,0.35,2641.0
T0117,2025-02-23,C05,P02,R08,203.0,0.35,3069.0
T0118,2025-02-24,C10,P01,R06,1752.0,0.25,1251.0
T0119,2025-02-24,C08,P03,R04,1703.0,0.0,1072.0
T0120,2025-02-24,C04,P01,R06,291.0,0.15,550.0
T0121,2025-02-25,C07,P01,R05,70.0,0.35,484.0
T0122,2025-02-26,C08,P04,R02,1766.0,0.0,954.0
T0123,2025-02-26,C10,P04,R01,392.0,0.0,462.0
T0124,2025-02-26,C07,P05,R02,41.0,0.05,545.0
T0125,2025-02-27,C10,P02,R01,964.0,0.1,713.0
T0126,2025-02-27,C03,P04,R03,261.0,0.35,671.0
T0127,2025-02-28,C02,P02,R05,53.0,0.0,270.0
T0128,2025-02-28,C12,P01,R05,2380.0,0.0,1490.0
T0129,2025-02-28,C11,P05,R06,274.0,0.25,
T0130,2025-03-01,C15,P03,R07,1329.0,0.35,1083.0
T0131,2025-03-01,C15,P01,R04,1295.0,0.05,937.0
T0132,2025-03-01,C11,P04,R08,285.0,0.1,2652.0
T0133,2025-03-01,C15,P02,R04,1557.0,0.1,1183.0
T0134,2025-03-01,C04,P01,R02,147.0,0.0,470.0
T0135,2025-03-02,C10,P02,R01,708.0,0.1,603.0
T0136,2025-03-02,C03,P04,R01,137.0,0.25,527.0
T0137,2025-03-02,C02,P05,R07,36.0,0.15,266.0
T0138,2025-03-03,C04,P01,R08,226.0,0.1,391.0
T0139,2025-03-03,C12,P02,R07,794.0,0.0,563.0
T0140,2025-03-03,C15,P04,R04,1348.0,0.0,974.0
T0141,2025-03-03,C08,P03,R06,1717.0,0.35,1007.0
T0142,2025-03-03,C02,P04,R02,155.0,0.05,487.0
T0143,2025-03-04,C01,P01,R08,243.0,0.0,308.0
T0144,2025-03-04,C15,P05,R07,516.0,0.0,541.0
T0145,2025-03-04,C04,P04,R02,40.0,0.15,377.0
T0146,2025-03-04,C04,P01,R06,280.0,0.0,430.0
T0147,2025-03-04,C01,P01,R04,281.0,0.0,628.0
T0148,2025-03-05,C08,P01,R06,2007.0,0.0,1127.0
T0149,2025-03-05,C05,P04,R04,195.0,0.0,2187.0
T0150,2025-03-05,C08,P05,R07,1821.0,0.0,1047.0
T0151,2025-03-06,C12,P03,R05,1502.0,0.05,1156.0
T0152,2025-03-06,C04,P03,R03,231.0,0.25,641.0
T0153,2025-03-06,C05,P02,R05,103.0,0.25,2999.0
T0154,2025-03-06,C07,P05,R03,124.0,0.05,389.0
T0155,2025-03-06,C05,P03,R04,185.0,0.0,2397.0
T0156,2025-03-06,C04,P02,R05,20.0,0.0,489.0
T0157,2025-03-06,C15,P01,R08,1321.0,0.1,1072.0
T0158,2025-03-06,C13,P02,R06,2362.0,0.0,1365.0
T0159,2025-03-07,C03,P03,R03,194.0,0.15,287.0
T0160,2025-03-07,C06,P03,R04,774.0,0.1,585.0
T0161,2025-03-08,C10,P03,R08,1229.0,0.35,994.0
T0162,2025-03-08,C09,P03,R07,2371.0,0.0,5831.0
T0163,2025-03-08,C03,P02,R07,295.0,0.0,451.0
T0164,2025-03-08,C14,P03,R05,246.0,0.0,470.0
T0165,2025-03-08,C02,P02,R08,209.0,0.0,502.0
T0166,2025-03-08,C08,P04,R03,1775.0,0.25,1171.0
T0167,2025-03-08,C02,P03,R07,253.0,0.35,651.0
T0168,2025-03-08,C01,P01,R08,221.0,0.05,428.0
T0169,2025-03-09,C01,P02,R08,85.0,0.25,348.0
T0170,2025-03-09,C09,P05,R02,972.0,0.05,
T0171,2025-03-09,C04,P04,R04,104.0,0.0,412.0
T0172,2025-03-09,C02,P03,R06,34.0,0.0,596.0
T0173,2025-03-09,C13,P04,R04,792.0,0.15,723.0
T0174,2025-03-10,C11,P01,R05,254.0,0.0,1646.0
T0175,2025-03-10,C12,P02,R07,1928.0,0.0,1338.0
T0176,2025-03-10,C14,P01,R06,210.0,0.1,452.0
T0177,2025-03-10,C13,P05,R07,456.0,0.0,461.0
T0178,2025-03-10,C06,P04,R05,1247.0,0.0,1057.0
T0179,2025-03-10,C02,P03,R06,146.0,0.0,650.0
T0180,2025-03-10,C13,P02,R03,1689.0,0.15,1061.0
T0181,2025-03-10,C02,P05,R05,32.0,0.05,517.0
T0182,2025-03-10,C08,P02,R05,2384.0,0.1,1494.0
T0183,2025-03-11,C02,P04,R04,261.0,0.1,577.0
T0184,2025-03-11,C11,P05,R05,23.0,0.0,2389.0
T0185,2025-03-11,C01,P01,R02,63.0,0.0,354.0
T0186,2025-03-11,C02,P03,R08,,0.1,255.0
T0187,2025-03-11,C12,P04,R04,641.0,0.25,466.0
T0188,2025-03-11,C01,P05,R05,84.0,0.0,420.0
T0189,2025-03-11,C05,P04,R07,39.0,0.1,2543.0
T0190,2025-03-11,C04,P02,R04,110.0,0.0,641.0
T0191,2025-03-12,C06,P01,R06,709.0,0.35,607.0
T0192,2025-03-12,C15,P04,R03,1989.0,0.1,1141.0
T0193,2025-03-13,C06,P03,R07,2241.0,0.1,1245.0
T0194,2025-03-13,C09,P02,R08,1287.0,0.15,4445.0
T0195,2025-03-13,C08,P04,R03,384.0,0.0,486.0
T0196,2025-03-13,C01,P03,R05,150.0,0.0,374.0
T0197,2025-03-14,C08,P01,R05,1525.0,0.25,1075.0
T0198,2025-03-14,C02,P02,R03,51.0,0.35,343.0
T0199,2025-03-14,C03,P03,R08,133.0,0.0,406.0
T0200,2025-03-14,C14,P04,R06,102.0,0.15,484.0
T0201,2025-03-14,C08,P05,R05,2410.0,0.35,1326.0
T0202,2025-03-14,C13,P04,R05,2284.0,0.1,1391.0
T0203,2025-03-14,C02,P01,R06,146.0,0.15,582.0
T0204,2025-03-14,C04,P05,R06,122.0,0.15,529.0
T0205,2025-03-14,C14,P02,R08,259.0,0.1,407.0
T0206,2025-03-15,C07,P01,R05,39.0,0.25,443.0
T0207,2025-03-15,C03,P02,R04,275.0,0.0,582.0
T0208,2025-03-15,C13,P01,R06,1531.0,0.0,995.0
T0209,2025-03-15,C09,P05,R08,1096.0,0.25,3889.0
T0210,2025-03-15,C02,P01,R04,173.0,0.0,647.0
T0211,2025-03-15,C09,P02,R02,1755.0,0.0,-150.0
T0212,2025-03-15,C14,P03,R01,80.0,0.1,495.0
T0213,2025-03-16,C15,P02,R08,1919.0,0.0,1173.0
T0214,2025-03-16,C04,P05,R01,24.0,0.1,484.0
T0215,2025-03-16,C05,P05,R05,,0.25,1531.0
T0216,2025-03-16,C13,P04,R08,715.0,0.15,688.0
T0217,2025-03-16,C13,P01,R07,1114.0,0.35,1036.0
T0218,2025-03-16,C12,P02,R01,595.0,0.35,767.0
T0219,2025-03-16,C06,P05,R06,363.0,0.0,349.0
T0220,2025-03-17,C02,P04,R06,249.0,0.0,329.0
T0221,2025-03-17,C11,P02,R07,150.0,0.0,2445.0
T0222,2025-03-17,C12,P02,R06,1148.0,0.25,1019.0
T0223,2025-03-17,C07,P02,R05,220.0,0.15,488.0
T0224,2025-03-17,C01,P05,R04,106.0,0.0,367.0
T0225,2025-03-18,C08,P05,R03,1044.0,0.0,933.0
T0226,2025-03-18,C01,P05,R05,130.0,0.0,331.0
T0227,2025-03-18,C13,P03,R02,974.0,0.05,621.0
T0228,2025-03-18,C04,P04,R08,177.0,0.35,613.0
T0229,2025-03-18,C07,P01,R03,197.0,0.0,603.0
T0230,2025-03-18,C07,P02,R05,57.0,0.25,346.0
T0231,2025-03-18,C11,P01,R05,215.0,0.0,1892.0
T0232,2025-03-18,C08,P04,R04,2315.0,0.15,1319.0
T0233,2025-03-19,C04,P05,R01,212.0,0.15,
T0234,2025-03-19,C15,P03,R01,2284.0,0.15,1166.0
T0235,2025-03-19,C12,P05,R08,1353.0,0.0,1061.0
T0236,2025-03-19,C07,P03,R01,63.0,0.25,325.0
T0237,2025-03-19,C09,P05,R07,1167.0,0.05,2930.0
T0238,2025-03-20,C06,P01,R08,615.0,0.0,653.0
T0239,2025-03-20,C14,P03,R02,157.0,0.05,564.0
T0240,2025-03-20,C11,P03,R01,122.0,0.05,2838.0
T0241,2025-03-20,C02,P02,R05,205.0,0.0,604.0
T0242,2025-03-20,C06,P05,R02,1554.0,0.15,1115.0
T0243,2025-03-20,C12,P03,R06,2244.0,0.25,1157.0
T0244,2025-03-21,C15,P02,R02,1271.0,0.25,1044.0
T0245,2025-03-21,C03,P01,R01,90.0,0.05,412.0
T0246,2025-03-21,C06,P03,R03,1833.0,0.0,1241.0
T0247,2025-03-21,C04,P02,R07,81.0,0.0,440.0
T0248,2025-03-21,C09,P01,R08,941.0,0.0,3361.0
T0249,2025-03-22,C02,P01,R04,105.0,0.0,548.0
T0250,2025-03-22,C12,P05,R01,1921.0,0.15,985.0
T0251,2025-03-22,C10,P01,R04,1572.0,0.1,1195.0
T0252,2025-03-22,C06,P04,R02,1524.0,0.0,1064.0
T0253,2025-03-22,C09,P02,R04,2395.0,0.15,6502.0
T0254,2025-03-22,C08,P01,R07,1010.0,0.05,744.0
T0255,2025-03-23,C05,P02,R08,20.0,0.1,2325.0
T0256,2025-03-23,C06,P04,R03,,0.0,1228.0
T0257,2025-03-23,C11,P05,R06,180.0,0.15,3095.0
T0258,2025-03-23,C04,P05,R06,77.0,0.0,278.0
T0259,2025-03-23,C03,P04,R08,68.0,0.05,332.0
T0260,2025-03-23,C06,P02,R02,2122.0,0.15,1278.0
T0261,2025-03-23,C09,P05,R07,1156.0,0.0,4194.0
T0262,2025-03-23,C15,P04,R06,1288.0,0.35,807.0
T0263,2025-03-23,C02,P02,R08,240.0,0.15,549.0
T0264,2025-03-23,C14,P03,R06,114.0,0.0,315.0
T0265,2025-03-24,C03,P03,R06,296.0,0.35,562.0
T0266,2025-03-24,C14,P02,R01,155.0,0.05,524.0
T0267,2025-03-24,C15,P04,R02,1470.0,0.1,874.0
T0268,2025-03-24,C15,P02,R05,2132.0,0.0,1335.0
T0269,2025-03-24,C08,P01,R07,1569.0,0.15,919.0
T0270,2025-03-24,C13,P03,R05,1405.0,0.15,1032.0
T0271,2025-03-24,C11,P03,R05,257.0,0.05,2285.0
T0272,2025-03-24,C05,P02,R07,277.0,0.25,3390.0
T0273,2025-03-25,C12,P05,R08,2003.0,0.35,1115.0
T0274,2025-03-25,C08,P01,R03,609.0,0.1,523.0
T0275,2025-03-25,C08,P01,R02,2241.0,0.15,1297.0
T0276,2025-03-25,C14,P03,R08,175.0,0.1,667.0
T0277,2025-03-26,C05,P03,R07,223.0,0.0,2379.0
T0278,2025-03-26,C08,P01,R06,1740.0,0.15,1196.0
T0279,2025-03-26,C05,P03,R03,32.0,0.0,1688.0
T0280,2025-03-26,C13,P03,R08,1201.0,0.15,942.0
T0281,2025-03-27,C07,P05,R01,206.0,0.0,291.0
T0282,2025-03-27,C11,P04,R08,50.0,0.0,1100.0
T0283,2025-03-27,C03,P01,R03,204.0,0.05,600.0
T0284,2025-03-27,C07,P02,R03,96.0,0.0,316.0
T0285,2025-03-27,C08,P01,R03,1585.0,0.1,910.0
T0286,2025-03-27,C01,P02,R01,287.0,0.0,678.0
T0287,2025-03-27,C05,P01,R03,85.0,0.35,1682.0
T0288,2025-03-28,C03,P03,R04,216.0,0.35,431.0
T0289,2025-03-28,C14,P02,R04,265.0,0.25,356.0
T0290,2025-03-28,C12,P01,R06,2063.0,0.35,1270.0
T0291,2025-03-28,C02,P05,R08,252.0,0.05,468.0
T0292,2025-03-28,C06,P04,R07,530.0,0.35,756.0
T0293,2025-03-28,C02,P03,R07,106.0,0.35,592.0
T0294,2025-03-28,C09,P01,R02,1967.0,0.35,5040.0
T0295,2025-03-29,C08,P01,R05,2026.0,0.35,1336.0
T0296,2025-03-29,C11,P01,R02,199.0,0.05,2618.0
T0297,2025-03-29,C04,P03,R06,153.0,0.35,437.0
T0298,2025-03-29,C02,P03,R08,260.0,0.25,385.0
T0299,2025-03-29,C11,P01,R05,119.0,0.15,3113.0
T0300,2025-03-29,C11,P03,R03,71.0,0.1,2876.0
T0301,2025-03-29,C09,P02,R02,2337.0,0.35,5505.0
T0302,2025-03-29,C13,P05,R06,367.0,0.0,548.0
T0303,2025-03-29,C11,P04,R03,245.0,0.25,3272.0
T0304,2025-03-29,C08,P04,R08,2175.0,0.1,1136.0
T0305,2025-03-30,C04,P03,R07,210.0,0.35,305.0
T0306,2025-03-30,C09,P02,R03,609.0,0.1,2088.0
T0307,2025-03-30,C08,P04,R08,503.0,0.25,420.0
T0308,2025-03-30,C08,P02,R05,1553.0,0.05,1061.0
T0309,2025-03-31,C14,P01,R02,173.0,0.0,566.0
T0310,2025-03-31,C04,P03,R08,202.0,0.15,650.0
T0311,2025-03-31,C07,P01,R06,293.0,0.1,686.0
T0312,2025-04-01,C10,P04,R01,914.0,0.15,650.0
T0313,2025-04-01,C07,P01,R04,153.0,0.05,606.0
T0314,2025-04-01,C13,P03,R07,375.0,0.0,436.0
T0315,2025-04-01,C10,P01,R05,1732.0,0.1,1129.0
T0316,2025-04-01,C07,P05,R05,116.0,0.35,498.0
T0317,2025-04-02,C01,P02,R02,98.0,0.35,638.0
T0318,2025-04-02,C01,P01,R04,194.0,0.0,595.0
T0319,2025-04-02,C15,P05,R06,886.0,0.05,860.0
T0320,2025-04-02,C02,P05,R04,83.0,0.35,322.0
T0321,2025-04-02,C01,P03,R05,226.0,0.1,335.0
T0322,2025-04-02,C02,P01,R02,222.0,0.05,551.0
T0323,2025-04-02,C05,P05,R02,,0.35,2128.0
T0324,2025-04-02,C13,P04,R01,487.0,0.25,724.0
T0325,2025-04-02,C12,P03,R03,1495.0,0.0,969.0
T0326,2025-04-02,C12,P05,R07,1310.0,0.0,1033.0
T0327,2025-04-02,C10,P02,R05,1017.0,0.25,740.0
T0328,2025-04-02,C10,P03,R01,393.0,0.25,433.0
T0329,2025-04-03,C14,P05,R04,294.0,0.15,709.0
T0330,2025-04-03,C02,P05,R05,119.0,0.15,402.0
T0331,2025-04-03,C10,P02,R06,1118.0,0.35,787.0
T0332,2025-04-03,C11,P01,R03,76.0,0.0,2559.0
T0333,2025-04-03,C09,P01,R04,1221.0,0.05,3011.0
T0334,2025-04-04,C09,P05,R04,1452.0,0.25,4053.0
T0335,2025-04-04,C05,P01,R01,241.0,0.1,1801.0
T0336,2025-04-04,C11,P04,R01,30.0,0.0,2070.0
T0337,2025-04-04,C13,P03,R08,503.0,0.35,402.0
T0338,2025-04-04,C11,P05,R08,99.0,0.0,2378.0
T0339,2025-04-04,C02,P05,R06,239.0,0.0,512.0
T0340,,C04,P02,R06,288.0,0.35,609.0
T0341,2025-04-04,C06,P04,R06,1448.0,0.35,837.0
T0342,2025-04-05,C02,P01,R08,150.0,0.0,549.0
T0343,2025-04-05,C15,P02,R05,1802.0,0.0,931.0
T0344,2025-04-05,C07,P05,R01,165.0,0.35,361.0
T0345,2025-04-05,C11,P03,R01,238.0,0.1,2112.0
T0346,2025-04-05,C11,P01,R02,290.0,0.0,3100.0
T0347,2025-04-05,C06,P04,R05,653.0,0.15,606.0
T0348,2025-04-05,C12,P03,R08,1211.0,0.35,838.0
T0349,2025-04-05,C09,P02,R05,905.0,0.25,3157.0
T0350,2025-04-05,C05,P05,R08,109.0,0.0,3073.0
T0351,2025-04-06,C05,P04,R06,96.0,0.0,1554.0
T0352,2025-04-06,C03,P05,R08,114.0,0.0,416.0
T0353,2025-04-06,C08,P01,R03,2170.0,0.1,1336.0
T0354,2025-04-06,C01,P05,R07,36.0,0.05,540.0
T0355,2025-04-06,C03,P05,R08,186.0,0.1,430.0
T0356,2025-04-06,C02,P05,R07,172.0,0.0,337.0
T0357,2025-04-07,C15,P03,R05,2191.0,0.0,1438.0
T0358,2025-04-07,C11,P05,R06,63.0,0.15,1434.0
T0359,2025-04-07,C01,P02,R08,213.0,0.15,399.0
T0360,2025-04-07,C01,P01,R05,141.0,0.0,266.0
T0361,2025-04-07,C04,P04,R08,35.0,0.05,515.0
T0362,2025-04-07,C11,P04,R04,268.0,0.05,1622.0
T0363,2025-04-08,C14,P04,R03,278.0,0.05,583.0
T0364,2025-04-08,C05,P04,R04,221.0,0.25,2346.0
T0365,2025-04-08,C02,P01,R04,74.0,0.25,518.0
T0366,2025-04-08,C12,P05,R03,2343.0,0.1,1151.0
T0367,2025-04-08,C12,P01,R04,1916.0,0.1,1208.0
T0368,2025-04-08,C01,P02,R06,122.0,0.05,404.0
T0369,2025-04-08,C09,P01,R04,350.0,0.0,1675.0
T0370,2025-04-08,C09,P05,R01,757.0,0.15,3850.0
T0371,2025-04-09,C02,P02,R07,102.0,0.35,330.0
T0372,2025-04-09,C04,P02,R06,282.0,0.0,669.0
T0373,2025-04-09,C03,P02,R08,103.0,0.05,315.0
T0374,2025-04-09,C15,P03,R08,922.0,0.15,954.0
T0375,2025-04-09,C14,P02,R02,181.0,0.35,364.0
T0376,2025-04-09,C07,P04,R01,235.0,0.05,403.0
T0377,2025-04-10,C11,P03,R04,78.0,0.35,1557.0
T0378,2025-04-10,C15,P01,R01,1162.0,0.05,910.0
T0379,2025-04-10,C05,P04,R06,167.0,0.05,2075.0
T0380,2025-04-10,C14,P05,R03,77.0,0.0,308.0
T0381,2025-04-10,C07,P02,R01,58.0,0.0,268.0
T0382,2025-04-10,C06,P01,R05,1602.0,0.1,964.0
T0383,2025-04-10,C07,P03,R08,90.0,0.25,352.0
T0384,2025-04-11,C15,P01,R05,1686.0,0.35,957.0
T0385,2025-04-11,C05,P03,R05,178.0,0.35,2297.0
T0386,2025-04-11,C07,P05,R07,43.0,0.0,480.0
T0387,2025-04-11,C01,P03,R06,176.0,0.25,581.0
T0388,2025-04-12,C04,P04,R05,40.0,0.05,610.0
T0389,2025-04-12,C01,P01,R06,47.0,0.15,538.0
T0390,2025-04-12,C04,P03,R01,175.0,0.0,411.0
T0391,2025-04-12,C14,P02,R05,148.0,0.05,616.0
T0392,2025-04-12,C11,P04,R06,186.0,0.0,2019.0
T0393,2025-04-12,C03,P03,R04,233.0,0.0,435.0
T0394,2025-04-12,C03,P05,R07,185.0,0.1,
T0395,2025-04-13,C14,P03,R07,99.0,0.1,329.0
T0396,2025-04-13,C14,P02,R06,180.0,0.25,332.0
T0397,2025-04-13,C11,P05,R08,246.0,0.0,2899.0
T0398,2025-04-13,C01,P04,R02,162.0,0.0,444.0
T0399,2025-04-13,C01,P04,R07,56.0,0.0,332.0
T0400,2025-04-13,C04,P05,R07,294.0,0.25,412.0
T0401,2025-04-14,C06,P02,R06,2367.0,0.25,1152.0
T0402,2025-04-14,C12,P01,R04,1055.0,0.15,859.0
T0403,2025-04-14,C14,P01,R05,287.0,0.0,337.0
T0404,2025-04-14,C01,P02,R02,185.0,0.0,363.0
T0405,2025-04-14,C12,P03,R05,1687.0,0.15,1157.0
T0406,2025-04-15,C15,P03,R03,,0.25,1162.0
T0407,2025-04-15,C01,P03,R03,184.0,0.0,577.0
T0408,2025-04-15,C02,P05,R07,201.0,0.25,380.0
T0409,2025-04-15,C05,P03,R08,276.0,0.0,2499.0
T0410,2025-04-16,C13,P03,R08,1526.0,0.0,999.0
T0411,2025-04-16,C14,P01,R01,103.0,0.05,337.0
T0412,2025-04-16,C02,P04,R04,159.0,0.0,574.0
T0413,2025-04-16,C10,P05,R03,1135.0,0.0,1052.0
T0414,2025-04-16,C01,P03,R03,176.0,0.0,411.0
T0415,2025-04-16,C05,P03,R07,299.0,0.05,2808.0
T0416,2025-04-16,C10,P03,R07,99999.0,0.15,1148.0
T0417,2025-04-16,C08,P04,R06,505.0,0.0,668.0
T0418,2025-04-16,C06,P05,R06,2485.0,0.05,1446.0
T0419,2025-04-16,C04,P04,R06,107.0,0.35,523.0
T0420,2025-04-16,C03,P04,R04,178.0,0.35,304.0
T0421,2025-04-16,C05,P04,R07,86.0,0.0,2829.0
T0422,2025-04-16,C15,P05,R05,520.0,0.05,654.0
T0423,2025-04-16,C06,P03,R05,713.0,0.25,525.0
T0424,2025-04-17,C06,P05,R05,1257.0,0.1,704.0
T0425,2025-04-17,C13,P03,R07,2024.0,0.1,1060.0
T0426,2025-04-17,C10,P05,R03,1458.0,0.0,1044.0
T0427,2025-04-17,C15,P01,R02,384.0,0.0,376.0
T0428,2025-04-17,C09,P03,R06,463.0,0.05,2289.0
T0429,2025-04-17,C01,P03,R07,49.0,0.15,372.0
T0430,2025-04-18,C09,P04,R08,352.0,0.1,2018.0
T0431,2025-04-18,C01,P04,R04,23.0,0.35,479.0
T0432,2025-04-18,C07,P05,R08,265.0,0.1,345.0
T0433,2025-04-18,C06,P05,R05,605.0,0.15,674.0
T0434,2025-04-18,C12,P03,R03,353.0,0.1,459.0
T0435,2025-04-18,C06,P03,R06,1037.0,0.15,
T0436,2025-04-18,C06,P01,R08,2368.0,0.25,1395.0
T0437,2025-04-18,C05,P05,R06,83.0,0.25,1399.0
T0438,2025-04-18,C12,P04,R05,2370.0,0.0,1333.0
T0439,2025-04-19,C01,P01,R04,74.0,0.0,344.0
T0440,2025-04-19,C07,P05,R06,151.0,0.0,646.0
T0441,2025-04-19,C12,P03,R08,1478.0,0.35,1048.0
T0442,2025-04-19,C07,P03,R02,213.0,0.1,290.0
T0443,2025-04-19,C12,P04,R05,1422.0,0.0,1015.0
T0444,2025-04-19,C11,P04,R04,120.0,0.05,2745.0
T0445,2025-04-19,C11,P05,R03,257.0,0.35,2645.0
T0446,2025-04-20,C07,P01,R05,55.0,0.0,469.0
T0447,2025-04-20,C06,P05,R07,616.0,0.0,575.0
T0448,2025-04-20,C10,P05,R05,2400.0,0.35,1283.0
T0449,2025-04-20,C15,P04,R02,703.0,0.05,780.0
T0450,2025-04-21,C11,P01,R06,220.0,0.0,2420.0
T0451,2025-04-21,C01,P05,R08,214.0,0.0,288.0
T0452,2025-04-21,C06,P03,R08,2038.0,0.0,1116.0
T0453,2025-04-21,C10,P04,R08,1361.0,0.35,899.0
T0454,2025-04-21,C14,P02,R04,267.0,0.15,583.0
T0455,2025-04-21,C07,P03,R06,73.0,0.35,338.0
T0456,2025-04-21,C04,P03,R06,41.0,0.1,320.0
T0457,2025-04-21,C08,P04,R02,603.0,0.1,692.0
T0458,2025-04-21,C14,P02,R01,49.0,0.25,518.0
T0459,2025-04-21,C02,P03,R04,22.0,0.05,404.0
T0460,2025-04-21,C03,P01,R05,187.0,0.0,356.0
T0461,2025-04-21,C14,P02,R01,274.0,0.25,487.0
T0462,2025-04-22,C15,P02,R07,905.0,0.35,883.0
T0463,2025-04-22,C04,P05,R01,274.0,0.15,633.0
T0464,2025-04-22,C07,P03,R02,196.0,0.0,390.0
T0465,2025-04-22,C03,P05,R01,92.0,0.05,287.0
T0466,2025-04-22,C14,P05,R07,55.0,0.0,300.0
T0467,2025-04-22,C14,P02,R01,208.0,0.35,414.0
T0468,2025-04-22,C02,P01,R02,158.0,0.35,545.0
T0469,2025-04-22,C03,P01,R07,296.0,0.35,490.0
T0470,2025-04-23,C08,P02,R03,1151.0,0.0,730.0
T0471,2025-04-23,C10,P02,R01,625.0,0.25,812.0
T0472,2025-04-23,C05,P01,R08,282.0,0.35,3308.0
T0473,2025-04-23,C08,P03,R07,2408.0,0.05,1391.0
T0474,2025-04-23,C11,P05,R03,20.0,0.25,2770.0
T0475,2025-04-24,C15,P03,R06,340.0,0.35,445.0
T0476,2025-04-24,C09,P05,R05,913.0,0.15,4314.0
T0477,2025-04-24,C08,P01,R04,1979.0,0.05,1149.0
T0478,2025-04-24,C15,P03,R04,1221.0,0.1,793.0
T0479,2025-04-24,C01,P04,R07,176.0,0.05,661.0
T0480,2025-04-24,C05,P04,R01,251.0,0.1,1381.0
T0481,2025-04-24,C04,P04,R02,200.0,0.1,610.0
T0482,2025-04-24,C06,P03,R03,2121.0,0.05,1206.0
T0483,2025-04-25,C08,P04,R08,1229.0,0.0,923.0
T0484,2025-04-25,C10,P02,R02,,0.35,1074.0
T0485,2025-04-25,C05,P01,R02,259.0,0.1,1953.0
T0486,2025-04-25,C10,P04,R04,1241.0,0.0,1063.0
T0487,2025-04-25,C05,P05,R07,211.0,0.05,2761.0
T0488,2025-04-25,C04,P04,R06,288.0,0.0,411.0
T0489,2025-04-25,C08,P05,R05,2211.0,0.05,1173.0
T0490,2025-04-26,C10,P02,R07,,0.1,804.0
T0491,2025-04-26,C15,P01,R08,1192.0,0.0,916.0
T0492,2025-04-26,C11,P04,R08,223.0,0.0,1669.0
T0493,2025-04-26,C10,P04,R04,2298.0,0.15,1230.0
T0494,2025-04-26,C10,P05,R06,,0.15,774.0
T0495,2025-04-26,C06,P01,R04,1224.0,0.1,1002.0
T0496,2025-04-27,C01,P02,R03,177.0,0.0,559.0
T0497,2025-04-27,C10,P02,R05,2318.0,0.35,1448.0
T0498,2025-04-27,C02,P01,R03,270.0,0.05,678.0
T0499,2025-04-27,C09,P01,R05,2225.0,0.05,6002.0
T0500,2025-04-27,C01,P04,R08,154.0,0.35,273.0
T0501,2025-04-27,C08,P03,R08,750.0,0.0,809.0
T0502,2025-04-27,C14,P01,R05,119.0,0.0,389.0
T0503,2025-04-28,C03,P04,R04,94.0,0.0,405.0
T0504,2025-04-28,C05,P03,R04,242.0,0.0,2648.0
T0505,2025-04-28,C13,P05,R04,1063.0,0.1,672.0
T0506,2025-04-28,C09,P03,R05,1215.0,0.35,4797.0
T0507,2025-04-28,C08,P04,R03,2117.0,0.0,1267.0
T0508,2025-04-28,C13,P02,R02,854.0,0.0,921.0
T0509,2025-04-28,C12,P02,R08,2085.0,0.15,1117.0
T0510,2025-04-28,C14,P04,R01,141.0,0.0,319.0
T0511,2025-04-28,C13,P04,R01,,0.15,700.0
T0512,2025-04-29,C10,P03,R03,1391.0,0.0,999.0
T0513,2025-04-29,C07,P01,R08,118.0,0.15,566.0
T0514,2025-04-29,C15,P04,R03,2456.0,0.0,1533.0
T0515,2025-04-29,C11,P01,R04,225.0,0.25,2647.0
T0516,2025-04-29,C09,P03,R05,2361.0,0.05,5871.0
T0517,2025-04-29,C02,P05,R03,188.0,0.25,342.0
T0518,2025-04-30,C03,P05,R04,240.0,0.25,541.0
T0519,2025-04-30,C11,P03,R08,48.0,0.25,2282.0
T0520,2025-04-30,C02,P04,R05,255.0,0.1,633.0
T0521,2025-05-01,C01,P02,R03,55.0,0.25,482.0
T0522,2025-05-01,C01,P01,R08,103.0,0.15,322.0
T0523,2025-05-01,C01,P04,R02,210.0,0.35,349.0
T0524,2025-05-01,C12,P04,R07,1328.0,0.0,861.0
T0525,2025-05-01,C09,P04,R04,2465.0,0.0,5877.0
T0526,2025-05-01,C04,P01,R04,81.0,0.35,462.0
T0527,2025-05-01,C12,P02,R04,1276.0,0.15,878.0
T0528,,C07,P04,R08,257.0,0.25,325.0
T0529,2025-05-02,C12,P03,R03,1139.0,0.0,715.0
T0530,2025-05-02,C15,P01,R03,852.0,0.35,865.0
T0531,2025-05-02,C04,P03,R07,166.0,0.0,425.0
T0532,2025-05-02,C07,P03,R08,70.0,0.0,593.0
T0533,2025-05-02,C04,P01,R02,35.0,0.0,504.0
T0534,2025-05-02,C06,P04,R08,1749.0,0.1,1206.0
T0535,2025-05-02,C14,P01,R02,120.0,0.05,451.0
T0536,2025-05-02,C08,P01,R04,612.0,0.25,717.0
T0537,2025-05-02,C02,P05,R03,66.0,0.0,258.0
T0538,2025-05-02,C02,P04,R07,132.0,0.35,280.0
T0539,2025-05-02,C15,P04,R02,674.0,0.25,714.0
T0540,2025-05-02,C09,P05,R04,2105.0,0.25,5882.0
T0541,2025-05-02,C08,P03,R05,1569.0,0.35,1123.0
T0542,2025-05-02,C13,P03,R01,1314.0,0.35,974.0
T0543,2025-05-02,C02,P02,R03,152.0,0.0,376.0
T0544,2025-05-03,C07,P05,R02,73.0,0.15,452.0
T0545,2025-05-03,C01,P01,R02,227.0,0.0,336.0
T0546,2025-05-03,C02,P02,R04,269.0,0.25,456.0
T0547,2025-05-03,C11,P05,R01,101.0,0.1,2346.0
T0548,2025-05-04,C13,P03,R05,303.0,0.15,332.0
T0549,2025-05-04,C02,P01,R06,121.0,0.05,335.0
T0550,2025-05-04,C14,P01,R07,87.0,0.1,532.0
T0551,2025-05-04,C07,P04,R06,76.0,0.0,516.0
T0552,2025-05-04,C04,P04,R06,279.0,0.15,641.0
T0553,2025-05-04,C06,P01,R05,788.0,0.15,578.0
T0554,2025-05-04,C09,P04,R05,1424.0,0.15,4471.0
T0555,2025-05-05,C15,P01,R08,,0.0,655.0
T0556,2025-05-05,C07,P02,R04,79.0,0.0,470.0
T0557,2025-05-05,C10,P03,R05,848.0,0.05,581.0
T0558,2025-05-05,C02,P03,R05,41.0,0.05,434.0
T0559,2025-05-05,C09,P04,R01,1093.0,0.25,3789.0
T0560,2025-05-05,C09,P01,R02,699.0,0.05,3328.0
T0561,2025-05-05,C12,P03,R01,807.0,0.05,844.0
T0562,2025-05-06,C11,P03,R04,292.0,0.15,3133.0
T0563,2025-05-06,C06,P05,R01,1813.0,0.15,1249.0
T0564,2025-05-06,C01,P04,R06,171.0,0.0,632.0
T0565,2025-05-06,C10,P05,R06,2210.0,0.35,1308.0
T0566,2025-05-06,C08,P05,R07,1136.0,0.0,979.0
T0567,2025-05-06,C03,P05,R04,109.0,0.0,331.0
T0568,2025-05-06,C13,P04,R08,1147.0,0.0,920.0
T0569,2025-05-06,C02,P01,R08,144.0,0.1,556.0
T0570,2025-05-06,C05,P01,R04,179.0,0.05,1823.0
T0571,2025-05-07,C06,P02,R02,2205.0,0.25,1185.0
T0572,2025-05-07,C09,P01,R01,1538.0,0.0,5212.0
T0573,2025-05-07,C14,P04,R08,177.0,0.0,663.0
T0574,2025-05-07,C06,P03,R06,669.0,0.25,775.0
T0575,2025-05-07,C01,P03,R05,67.0,0.0,626.0
T0576,2025-05-08,C03,P04,R02,163.0,0.0,273.0
T0577,2025-05-08,C02,P03,R07,39.0,0.05,535.0
T0578,2025-05-08,C01,P03,R07,107.0,0.1,406.0
T0579,2025-05-08,C14,P05,R01,267.0,0.25,654.0
T0580,2025-05-08,C14,P01,R01,,0.0,607.0
T0581,2025-05-09,C08,P02,R08,744.0,0.05,652.0
T0582,2025-05-09,C11,P02,R06,247.0,0.35,3105.0
T0583,2025-05-09,C11,P02,R06,252.0,0.0,2003.0
T0584,2025-05-09,C14,P02,R08,267.0,0.25,624.0
T0585,2025-05-10,C04,P04,R06,157.0,0.05,381.0
T0586,2025-05-10,C11,P04,R03,194.0,0.05,1501.0
T0587,2025-05-10,C12,P04,R02,1616.0,0.1,876.0
T0588,2025-05-10,C08,P02,R08,1481.0,0.1,942.0
T0589,2025-05-10,C15,P01,R06,1152.0,0.0,984.0
T0590,2025-05-10,C09,P03,R03,1691.0,0.35,5441.0
T0591,2025-05-10,C06,P02,R07,1847.0,0.35,1217.0
T0592,2025-05-10,C08,P05,R08,1674.0,0.0,1076.0
T0593,2025-05-11,C04,P05,R03,74.0,0.0,272.0
T0594,2025-05-11,C05,P02,R07,213.0,0.1,2774.0
T0595,2025-05-11,C11,P04,R08,35.0,0.35,1187.0
T0596,2025-05-11,C13,P02,R04,411.0,0.0,671.0
T0597,2025-05-11,C06,P01,R05,402.0,0.15,744.0
T0598,2025-05-12,C14,P01,R05,100.0,0.0,480.0
T0599,2025-05-12,C08,P04,R05,1890.0,0.05,1042.0
T0600,2025-05-12,C03,P02,R08,107.0,0.35,255.0
T0601,2025-05-12,C14,P03,R02,154.0,0.0,631.0
T0602,2025-05-12,C01,P05,R03,63.0,0.35,413.0
T0603,2025-05-13,C02,P05,R03,157.0,0.0,528.0
T0604,2025-05-13,C12,P04,R01,,0.0,1149.0
T0605,2025-05-13,C03,P02,R04,282.0,0.1,689.0
T0606,2025-05-13,C04,P01,R02,150.0,0.15,288.0
T0607,2025-05-13,C03,P01,R05,235.0,0.1,356.0
T0608,2025-05-13,C09,P04,R06,1690.0,0.1,3930.0
T0609,2025-05-14,C14,P02,R05,40.0,0.1,460.0
T0610,2025-05-14,C13,P04,R06,1733.0,0.0,934.0
T0611,2025-05-14,C13,P02,R05,2306.0,0.35,1299.0
T0612,2025-05-14,C07,P02,R03,75.0,0.05,369.0
T0613,2025-05-14,C05,P01,R01,106.0,0.25,2809.0
T0614,2025-05-14,C11,P01,R06,229.0,0.35,1563.0
T0615,2025-05-15,C11,P05,R03,261.0,0.1,3281.0
T0616,2025-05-15,C03,P01,R03,62.0,0.1,336.0
T0617,2025-05-15,C02,P03,R01,237.0,0.0,593.0
T0618,2025-05-15,C08,P04,R06,574.0,0.0,696.0
T0619,2025-05-15,C09,P04,R07,389.0,0.0,3143.0
T0620,2025-05-15,C11,P04,R05,,0.25,3162.0
T0621,2025-05-15,C06,P02,R02,1592.0,0.05,1088.0
T0622,2025-05-15,C12,P05,R04,2368.0,0.0,1447.0
T0623,2025-05-15,C13,P03,R03,2424.0,0.15,1355.0
T0624,2025-05-16,C13,P05,R02,1526.0,0.0,1036.0
T0625,2025-05-16,C06,P03,R05,786.0,0.25,847.0
T0626,2025-05-16,C13,P04,R06,1903.0,0.0,1218.0
T0627,2025-05-16,C15,P01,R02,1182.0,0.0,911.0
T0628,2025-05-16,C06,P05,R03,954.0,0.0,704.0
T0629,2025-05-16,C07,P03,R01,97.0,0.0,508.0
T0630,2025-05-16,C07,P03,R06,81.0,0.0,610.0
T0631,2025-05-16,C04,P05,R07,183.0,0.0,534.0
T0632,2025-05-16,C01,P02,R06,286.0,0.0,452.0
T0633,2025-05-17,C08,P05,R04,925.0,0.1,837.0
T0634,2025-05-17,C09,P03,R08,606.0,0.25,3834.0
T0635,2025-05-17,C07,P03,R04,128.0,0.35,461.0
T0636,2025-05-17,C04,P04,R02,74.0,0.0,463.0
T0637,2025-05-17,C07,P04,R08,260.0,0.0,685.0
T0638,2025-05-17,C12,P04,R08,1674.0,0.0,1169.0
T0639,2025-05-18,C03,P03,R04,174.0,0.1,506.0
T0640,2025-05-18,C12,P02,R07,681.0,0.0,839.0
T0641,2025-05-18,C08,P02,R01,2217.0,0.1,1149.0
T0642,2025-05-18,C09,P03,R06,703.0,0.05,3629.0
T0643,2025-05-18,C03,P04,R02,216.0,0.0,374.0
T0644,2025-05-18,C08,P03,R06,358.0,0.0,613.0
T0645,2025-05-18,C07,P02,R06,30.0,0.0,251.0
T0646,2025-05-19,C10,P04,R08,2232.0,0.0,
T0647,2025-05-19,C07,P01,R02,83.0,0.0,272.0
T0648,2025-05-19,C04,P02,R02,86.0,0.0,
T0649,2025-05-19,C01,P05,R01,121.0,0.05,633.0
T0650,2025-05-19,C12,P03,R03,1866.0,0.35,1148.0
T0651,2025-05-19,C13,P02,R05,400.0,0.25,470.0
T0652,2025-05-19,C10,P01,R07,2488.0,0.15,1278.0
T0653,2025-05-20,C13,P01,R01,1687.0,0.1,966.0
T0654,2025-05-20,C06,P01,R08,768.0,0.0,739.0
T0655,2025-05-20,C03,P01,R05,144.0,0.1,542.0
T0656,2025-05-20,C01,P04,R01,297.0,0.1,563.0
T0657,2025-05-20,C07,P02,R07,108.0,0.15,330.0
T0658,2025-05-21,C09,P02,R03,2049.0,0.25,4388.0
T0659,2025-05-21,C03,P05,R04,240.0,0.35,405.0
T0660,2025-05-21,C11,P01,R02,280.0,0.0,2135.0
T0661,2025-05-21,C07,P03,R08,86.0,0.0,421.0
T0662,2025-05-21,C09,P05,R04,1039.0,0.15,3013.0
T0663,2025-05-22,C03,P03,R07,246.0,0.0,353.0
T0664,2025-05-22,C13,P05,R03,435.0,0.25,503.0
T0665,2025-05-22,C11,P05,R07,238.0,0.1,3127.0
T0666,2025-05-22,C12,P01,R02,1937.0,0.0,1233.0
T0667,2025-05-22,C15,P01,R04,2174.0,0.25,1287.0
T0668,2025-05-22,C10,P03,R02,1646.0,0.05,958.0
T0669,2025-05-22,C14,P04,R07,116.0,0.0,502.0
T0670,2025-05-22,C04,P02,R06,141.0,0.0,282.0
T0671,2025-05-23,C02,P03,R01,237.0,0.05,439.0
T0672,2025-05-23,C06,P03,R03,694.0,0.1,540.0
T0673,2025-05-23,C02,P02,R04,233.0,0.35,481.0
T0674,2025-05-24,C09,P04,R01,1467.0,0.15,3920.0
T0675,2025-05-24,C09,P01,R01,1570.0,0.05,4650.0
T0676,2025-05-24,C04,P03,R01,147.0,0.15,293.0
T0677,2025-05-24,C01,P02,R03,86.0,0.1,452.0
T0678,2025-05-24,C02,P04,R03,110.0,0.25,335.0
T0679,2025-05-24,C04,P05,R05,288.0,0.25,517.0
T0680,2025-05-24,C05,P05,R08,92.0,0.35,1253.0
T0681,2025-05-25,C09,P02,R05,1543.0,0.1,4939.0
T0682,2025-05-25,C05,P03,R05,,0.0,2160.0
T0683,2025-05-26,C15,P04,R01,1598.0,0.0,939.0
T0684,2025-05-26,C05,P04,R04,151.0,0.05,3156.0
T0685,2025-05-26,C08,P03,R02,2352.0,0.35,1233.0
T0686,2025-05-26,C14,P03,R02,249.0,0.15,635.0
T0687,2025-05-26,C02,P05,R07,89.0,0.0,398.0
T0688,2025-05-26,C10,P04,R04,1666.0,0.0,1051.0
T0689,2025-05-26,C14,P02,R02,68.0,0.05,441.0
T0690,2025-05-26,C14,P05,R01,98.0,0.0,308.0
T0691,2025-05-26,C11,P01,R08,209.0,0.05,2888.0
T0692,2025-05-27,C07,P05,R07,112.0,0.15,463.0
T0693,2025-05-27,C02,P02,R06,208.0,0.35,354.0
T0694,2025-05-27,C13,P05,R05,329.0,0.15,649.0
T0695,2025-05-27,C10,P03,R04,1412.0,0.25,1081.0
T0696,2025-05-27,C09,P05,R08,829.0,0.05,2493.0
T0697,2025-05-27,C07,P05,R04,136.0,0.0,518.0
T0698,2025-05-27,C09,P02,R06,2156.0,0.35,6054.0
T0699,2025-05-27,C06,P02,R03,1777.0,0.05,1264.0
T0700,2025-05-27,C08,P05,R02,860.0,0.0,931.0
T0701,2025-05-27,C15,P02,R05,1107.0,0.35,673.0
T0702,2025-05-27,C03,P02,R05,252.0,0.35,339.0
T0703,2025-05-28,C01,P03,R01,239.0,0.15,462.0
T0704,2025-05-28,C08,P02,R01,1535.0,0.0,933.0
T0705,2025-05-28,C09,P01,R04,1057.0,0.0,4155.0
T0706,2025-05-28,C11,P05,R06,223.0,0.0,1584.0
T0707,2025-05-29,C15,P04,R08,457.0,0.0,398.0
T0708,2025-05-29,C03,P04,R02,247.0,0.35,383.0
T0709,2025-05-29,C09,P05,R07,1975.0,0.0,5022.0
T0710,2025-05-29,C07,P04,R03,197.0,0.05,546.0
T0711,2025-05-29,C15,P02,R05,1580.0,0.05,
T0712,2025-05-29,C13,P01,R02,2204.0,0.1,1472.0
T0713,2025-05-29,C01,P03,R01,286.0,0.0,431.0
T0714,2025-05-29,C11,P01,R03,,0.15,2055.0
T0715,2025-05-30,C02,P05,R01,246.0,0.0,602.0
T0716,2025-05-30,C08,P01,R03,541.0,0.0,515.0
T0717,2025-05-30,C06,P03,R01,861.0,0.0,858.0
T0718,2025-05-31,C09,P03,R01,1271.0,0.15,4326.0
T0719,2025-05-31,C05,P03,R05,250.0,0.05,1515.0
T0720,2025-05-31,C04,P03,R01,69.0,0.0,556.0
T0721,2025-06-01,C12,P02,R06,1126.0,0.0,858.0
T0722,2025-06-01,C12,P05,R03,1469.0,0.0,911.0
T0723,2025-06-02,C06,P02,R05,2422.0,0.25,1288.0
T0724,2025-06-02,C04,P01,R07,221.0,0.15,291.0
T0725,2025-06-02,C02,P02,R07,282.0,0.05,531.0
T0726,2025-06-02,C06,P03,R02,845.0,0.05,539.0
T0727,2025-06-02,C04,P02,R01,248.0,0.05,335.0
T0728,2025-06-03,C11,P01,R04,104.0,0.05,1326.0
T0729,2025-06-03,C10,P04,R04,919.0,0.0,899.0
T0730,2025-06-03,C01,P01,R06,64.0,0.0,604.0
T0731,2025-06-04,C15,P04,R01,454.0,0.0,647.0
T0732,2025-06-04,C12,P04,R07,1049.0,0.0,915.0
T0733,2025-06-05,C11,P03,R01,206.0,0.0,1899.0
T0734,2025-06-05,C02,P03,R04,253.0,0.35,402.0
T0735,2025-06-05,C05,P05,R03,59.0,0.0,1368.0
T0736,2025-06-05,C03,P01,R01,223.0,0.0,496.0
T0737,2025-06-05,C03,P04,R07,141.0,0.1,517.0
T0738,2025-06-06,C05,P01,R07,170.0,0.1,3185.0
T0739,2025-06-06,C01,P02,R07,178.0,0.05,442.0
T0740,,C14,P05,R05,38.0,0.25,563.0
T0741,2025-06-07,C06,P04,R02,2435.0,0.05,1525.0
T0742,2025-06-07,C08,P05,R08,1096.0,0.25,838.0
T0743,2025-06-08,C01,P03,R07,230.0,0.15,447.0
T0744,2025-06-08,C11,P05,R01,126.0,0.0,2359.0
T0745,2025-06-08,C14,P05,R06,165.0,0.0,514.0
T0746,2025-06-09,C12,P01,R02,1820.0,0.0,1216.0
T0747,2025-06-09,C05,P04,R03,281.0,0.0,2711.0
T0748,2025-06-09,C01,P01,R05,298.0,0.25,700.0
T0749,2025-06-10,C06,P05,R08,1065.0,0.0,849.0
T0750,2025-06-10,C08,P05,R05,803.0,0.0,661.0
T0751,2025-06-10,C12,P01,R08,2035.0,0.25,1233.0
T0752,2025-06-11,C04,P05,R01,173.0,0.05,635.0
T0753,2025-06-11,C13,P04,R03,470.0,0.0,623.0
T0754,2025-06-12,C15,P01,R08,1523.0,0.25,859.0
T0755,2025-06-12,C07,P05,R07,253.0,0.0,334.0
T0756,2025-06-13,C15,P03,R07,969.0,0.0,874.0
T0757,2025-06-13,C12,P05,R04,1036.0,0.0,946.0
T0758,2025-06-13,C10,P03,R05,768.0,0.0,844.0
T0759,2025-06-13,C05,P02,R02,89.0,0.15,2548.0
T0760,2025-06-16,C10,P03,R01,1894.0,0.25,1066.0
T0761,2025-06-16,C02,P04,R03,38.0,0.0,383.0
T0762,2025-06-16,C14,P04,R08,141.0,0.25,263.0
T0763,2025-06-16,C08,P01,R01,1731.0,0.15,1156.0
T0764,2025-06-16,C07,P04,R08,156.0,0.1,474.0
T0765,2025-06-17,C10,P02,R04,1600.0,0.25,927.0
T0766,2025-06-19,C04,P05,R02,178.0,0.1,473.0
T0767,2025-06-19,C10,P01,R07,1158.0,0.15,860.0
T0768,2025-06-19,C03,P03,R08,191.0,0.35,634.0
T0769,2025-06-20,C12,P04,R01,332.0,0.0,435.0
T0770,2025-06-20,C05,P04,R06,151.0,0.1,2501.0
T0771,2025-06-21,C08,P02,R04,1149.0,0.05,887.0
T0772,2025-06-21,C08,P02,R02,1332.0,0.0,797.0
T0773,2025-06-21,C08,P04,R04,1806.0,0.0,1145.0
T0774,2025-06-21,C15,P05,R01,,0.15,1156.0
T0775,2025-06-22,C11,P03,R04,58.0,0.25,2892.0
T0776,2025-06-22,C07,P03,R06,210.0,0.0,463.0
T0777,2025-06-22,C02,P02,R04,191.0,0.05,601.0
T0778,2025-06-22,C01,P01,R05,290.0,0.25,368.0
T0779,2025-06-22,C06,P03,R04,,0.05,1168.0
T0780,2025-06-23,C01,P05,R05,34.0,0.0,495.0
T0781,2025-06-23,C04,P01,R07,238.0,0.0,308.0
T0782,2025-06-24,C06,P04,R05,1953.0,0.05,1047.0
T0783,2025-06-25,C12,P05,R06,,0.25,1261.0
T0784,2025-06-25,C09,P03,R03,1320.0,0.0,3015.0
T0785,2025-06-25,C11,P02,R06,117.0,0.35,2290.0
T0786,2025-06-25,C13,P01,R02,309.0,0.25,415.0
T0787,2025-06-26,C12,P01,R03,1566.0,0.0,1099.0
T0788,2025-06-26,C10,P05,R02,547.0,0.05,465.0
T0789,2025-06-26,C07,P01,R04,257.0,0.35,542.0
T0790,2025-06-28,C08,P05,R07,1559.0,0.15,1000.0
T0791,2025-06-29,C14,P02,R05,42.0,0.05,483.0
T0792,2025-06-29,C08,P05,R07,686.0,0.0,543.0
T0793,2025-06-29,C13,P03,R08,1972.0,0.0,1044.0
T0794,2025-06-29,C12,P02,R06,1610.0,0.1,947.0
T0795,2025-06-30,C03,P01,R06,244.0,0.35,422.0
T0796,2025-06-30,C05,P04,R07,239.0,0.05,2773.0
T0797,2025-06-30,C01,P04,R08,134.0,0.0,560.0
T0798,2025-07-01,C09,P04,R02,1670.0,0.0,4035.0
T0799,2025-07-01,C02,P05,R04,23.0,0.1,340.0
T0800,2025-07-02,C01,P05,R06,135.0,0.25,272.0
T0801,2025-07-02,C12,P01,R05,1401.0,0.35,1130.0
T0802,2025-07-02,C03,P04,R03,43.0,0.1,350.0
T0803,2025-07-02,C06,P01,R02,1838.0,0.1,1260.0
T0804,2025-07-03,C11,P03,R01,223.0,0.0,1399.0
T0805,2025-07-04,C05,P01,R04,277.0,0.05,2650.0
T0806,2025-07-04,C06,P04,R04,1685.0,0.05,1181.0
T0807,2025-07-05,C06,P02,R04,499.0,0.35,642.0
T0808,2025-07-05,C02,P05,R06,244.0,0.35,457.0
T0809,2025-07-05,C15,P02,R04,1598.0,0.05,1179.0
T0810,2025-07-06,C10,P03,R05,399.0,0.1,508.0
T0811,2025-07-07,C15,P04,R04,751.0,0.0,801.0
T0812,2025-07-08,C03,P04,R07,35.0,0.15,365.0
T0813,2025-07-08,C02,P04,R03,197.0,0.1,663.0
T0814,2025-07-08,C13,P04,R03,320.0,0.1,578.0
T0815,2025-07-09,C13,P02,R03,1386.0,0.1,1076.0
T0816,2025-07-09,C01,P05,R06,179.0,0.0,605.0
T0817,2025-07-10,C10,P01,R01,711.0,0.25,605.0
T0818,2025-07-11,C12,P05,R01,1596.0,0.0,1152.0
T0819,2025-07-11,C06,P04,R07,956.0,0.25,734.0
T0820,2025-07-11,C02,P03,R05,150.0,0.25,455.0
T0821,,C01,P04,R07,92.0,0.1,451.0
T0822,2025-07-12,C06,P02,R07,1732.0,0.05,966.0
T0823,,C02,P02,R07,255.0,0.05,483.0
T0824,2025-07-13,C12,P02,R07,551.0,0.05,692.0
T0825,2025-07-13,C12,P04,R06,1760.0,0.05,1247.0
T0826,2025-07-14,C08,P01,R03,2205.0,0.0,1284.0
T0827,2025-07-14,C04,P02,R04,203.0,0.15,558.0
T0828,2025-07-15,C01,P02,R02,295.0,0.35,468.0
T0829,2025-07-15,C01,P05,R07,178.0,0.1,589.0
T0830,2025-07-15,C12,P01,R05,1257.0,0.05,1084.0
T0831,2025-07-16,C05,P01,R02,86.0,0.25,2504.0
T0832,2025-07-16,C15,P03,R02,2165.0,0.35,1442.0
T0833,2025-07-17,C09,P02,R07,1189.0,0.1,3448.0
T0834,2025-07-17,C01,P05,R03,229.0,0.05,513.0
T0835,2025-07-17,C02,P01,R05,171.0,0.1,550.0
T0836,2025-07-17,C07,P04,R03,151.0,0.05,649.0
T0837,2025-07-18,C07,P01,R04,258.0,0.0,513.0
T0838,2025-07-18,C14,P04,R02,268.0,0.15,487.0
T0839,2025-07-18,C01,P02,R02,53.0,0.0,309.0
T0840,2025-07-19,C07,P02,R04,43.0,0.0,237.0
T0841,2025-07-21,C05,P05,R01,207.0,0.0,2685.0
T0842,2025-07-21,C06,P04,R06,1543.0,0.0,862.0
T0843,2025-07-21,C04,P02,R05,220.0,0.15,433.0
T0844,2025-07-22,C13,P03,R07,794.0,0.05,621.0
T0845,2025-07-22,C01,P04,R07,136.0,0.0,298.0
T0846,2025-07-22,C05,P05,R01,237.0,0.05,2695.0
T0847,2025-07-22,C07,P03,R03,107.0,0.0,273.0
T0848,2025-07-23,C05,P02,R07,200.0,0.1,1740.0
T0849,2025-07-24,C01,P02,R02,90.0,0.35,394.0
T0850,2025-07-24,C03,P03,R04,159.0,0.1,400.0
T0851,2025-07-24,C07,P01,R02,29.0,0.0,396.0
T0852,2025-07-25,C15,P04,R06,1596.0,0.0,1160.0
T0853,2025-07-25,C05,P05,R04,144.0,0.0,2556.0
T0854,2025-07-25,C12,P01,R06,1653.0,0.35,946.0
T0855,2025-07-25,C15,P05,R07,2132.0,0.25,1174.0
T0856,2025-07-26,C08,P04,R05,349.0,0.1,470.0
T0857,2025-07-26,C14,P04,R08,87.0,0.25,313.0
T0858,2025-07-26,C06,P04,R06,2106.0,0.15,1221.0
T0859,2025-07-27,C11,P03,R05,21.0,0.1,2066.0
T0860,2025-07-27,C10,P01,R02,481.0,0.25,750.0
T0861,2025-07-28,C15,P01,R05,1149.0,0.05,680.0
T0862,2025-07-28,C11,P01,R01,218.0,0.1,2102.0
T0863,2025-07-28,C01,P02,R02,32.0,0.0,369.0
T0864,2025-07-29,C14,P01,R08,69.0,0.05,473.0
T0865,2025-07-29,C13,P03,R04,1484.0,0.1,1180.0
T0866,2025-07-30,C13,P02,R06,1736.0,0.15,1081.0
T0867,2025-07-30,C13,P04,R02,577.0,0.15,505.0
T0868,2025-07-30,C15,P04,R08,1110.0,0.0,805.0
T0869,2025-07-30,C04,P04,R02,294.0,0.0,710.0
T0870,2025-07-30,C12,P01,R04,1202.0,0.0,798.0
T0871,2025-08-01,C14,P02,R06,290.0,0.25,567.0
T0872,2025-08-01,C13,P02,R04,1296.0,0.15,1019.0
T0873,2025-08-01,C08,P05,R06,862.0,0.05,647.0
T0874,2025-08-01,C10,P03,R07,2119.0,0.25,1124.0
T0875,2025-08-02,C14,P03,R07,238.0,0.0,550.0
T0876,2025-08-02,C11,P01,R05,180.0,0.05,3155.0
T0877,2025-08-03,C15,P05,R04,1854.0,0.05,996.0
T0878,2025-08-03,C11,P02,R08,93.0,0.05,1479.0
T0879,2025-08-04,C03,P01,R02,236.0,0.25,580.0
T0880,2025-08-04,C03,P02,R02,275.0,0.0,709.0
T0881,2025-08-05,C11,P03,R03,41.0,0.05,1591.0
T0882,2025-08-05,C03,P05,R05,91.0,0.15,434.0
T0883,2025-08-05,C15,P02,R08,2241.0,0.25,1104.0
T0884,2025-08-05,C06,P05,R08,1013.0,0.25,638.0
T0885,2025-08-06,C15,P04,R02,1583.0,0.05,914.0
T0886,2025-08-06,C11,P02,R08,177.0,0.25,1385.0
T0887,2025-08-06,C02,P01,R05,276.0,0.0,584.0
T0888,2025-08-06,C12,P04,R03,2474.0,0.25,1372.0
T0889,2025-08-07,C15,P04,R08,1655.0,0.0,1112.0
T0890,2025-08-07,C15,P05,R03,1867.0,0.0,1288.0
T0891,2025-08-07,C08,P02,R01,628.0,0.25,533.0
T0892,2025-08-07,C15,P05,R07,416.0,0.0,721.0
T0893,2025-08-08,C01,P05,R07,25.0,0.1,341.0
T0894,2025-08-08,C09,P01,R06,1118.0,0.25,4552.0
T0895,2025-08-08,C15,P02,R01,2331.0,0.1,1350.0
T0896,2025-08-08,C14,P04,R04,185.0,0.05,549.0
T0897,2025-08-09,C09,P05,R08,1062.0,0.15,2863.0
T0898,2025-08-09,C15,P02,R04,,0.0,1295.0
T0899,2025-08-09,C07,P01,R02,185.0,0.0,429.0
T0900,2025-08-09,C11,P03,R08,103.0,0.0,1409.0
T0901,2025-08-11,C03,P03,R05,196.0,0.25,532.0
T0902,2025-08-11,C01,P03,R05,61.0,0.15,580.0
T0903,2025-08-11,C11,P02,R05,188.0,0.35,2667.0
T0904,2025-08-12,C04,P01,R05,225.0,0.35,330.0
T0905,2025-08-12,C05,P03,R03,184.0,0.35,2926.0
T0906,2025-08-12,C08,P02,R04,1179.0,0.05,841.0
T0907,2025-08-12,C08,P01,R01,1012.0,0.0,937.0
T0908,2025-08-13,C11,P01,R02,131.0,0.15,1471.0
T0909,2025-08-13,C05,P03,R05,34.0,0.05,1631.0
T0910,2025-08-13,C10,P03,R06,2300.0,0.1,1378.0
T0911,2025-08-13,C15,P02,R07,2154.0,0.1,1395.0
T0912,2025-08-14,C11,P05,R05,228.0,0.15,3017.0
T0913,2025-08-14,C05,P02,R06,243.0,0.0,1734.0
T0914,2025-08-15,C12,P05,R08,2265.0,0.0,1372.0
T0915,2025-08-15,C07,P01,R06,234.0,0.1,685.0
T0916,2025-08-16,C07,P05,R06,168.0,0.0,455.0
T0917,2025-08-16,C02,P04,R04,262.0,0.15,685.0
T0918,2025-08-17,C07,P01,R07,154.0,0.0,
T0919,2025-08-17,C04,P04,R05,149.0,0.25,344.0
T0920,2025-08-17,C09,P03,R05,613.0,0.35,2394.0
T0921,2025-08-18,C03,P01,R01,210.0,0.0,575.0
T0922,2025-08-18,C03,P01,R04,229.0,0.35,384.0
T0923,2025-08-20,C15,P01,R08,1892.0,0.0,1180.0
T0924,2025-08-21,C01,P04,R04,87.0,0.15,277.0
T0925,2025-08-21,C08,P02,R07,1242.0,0.1,1023.0
T0926,2025-08-22,C05,P05,R01,96.0,0.15,2324.0
T0927,2025-08-22,C12,P01,R07,1526.0,0.05,880.0
T0928,2025-08-22,C07,P01,R02,283.0,0.0,515.0
T0929,2025-08-22,C03,P01,R02,183.0,0.0,406.0
T0930,2025-08-22,C09,P03,R04,2146.0,0.35,6209.0
T0931,2025-08-22,C08,P05,R08,2253.0,0.25,1133.0
T0932,2025-08-23,C09,P05,R06,864.0,0.0,3826.0
T0933,2025-08-23,C04,P02,R05,260.0,0.0,611.0
T0934,2025-08-24,C05,P05,R03,128.0,0.0,1327.0
T0935,2025-08-24,C04,P05,R06,248.0,0.0,516.0
T0936,2025-08-25,C12,P03,R06,1390.0,0.0,931.0
T0937,2025-08-25,C11,P05,R05,67.0,0.0,2555.0
T0938,2025-08-25,C01,P02,R01,68.0,0.0,466.0
T0939,2025-08-25,C05,P01,R05,33.0,0.1,1379.0
T0940,2025-08-25,C04,P02,R02,276.0,0.15,590.0
T0941,2025-08-25,C12,P02,R07,956.0,0.1,949.0
T0942,2025-08-26,C06,P03,R02,1982.0,0.1,1205.0
T0943,2025-08-26,C11,P01,R02,277.0,0.35,
T0944,2025-08-27,C12,P02,R03,2308.0,0.35,1425.0
T0945,2025-08-28,C05,P03,R08,98.0,0.15,1872.0
T0946,2025-08-28,C02,P05,R05,102.0,0.0,466.0
T0947,2025-08-28,C05,P01,R04,241.0,0.0,1941.0
T0948,2025-08-28,C10,P04,R05,1633.0,0.35,1226.0
T0949,2025-08-30,C08,P03,R03,582.0,0.1,776.0
T0950,2025-08-30,C14,P03,R04,57.0,0.0,537.0
T0951,2025-08-31,C08,P04,R06,2459.0,0.1,1477.0
T0952,2025-08-31,C12,P02,R08,337.0,0.1,733.0
T0953,2025-09-01,C11,P05,R06,115.0,0.25,2207.0
T0954,2025-09-02,C03,P03,R04,127.0,0.0,480.0
T0955,2025-09-02,C09,P04,R07,817.0,0.15,2545.0
T0956,2025-09-02,C09,P04,R02,2309.0,0.0,5368.0
T0957,2025-09-02,C05,P05,R07,57.0,0.0,1845.0
T0958,2025-09-02,C01,P03,R04,44.0,0.35,325.0
T0959,2025-09-02,C13,P01,R07,1164.0,0.05,853.0
T0960,2025-09-03,C08,P02,R07,1550.0,0.25,1035.0
T0961,2025-09-03,C02,P05,R02,56.0,0.0,435.0
T0962,2025-09-03,C02,P01,R06,198.0,0.0,307.0
T0963,2025-09-03,C08,P03,R02,2177.0,0.05,1123.0
T0964,2025-09-03,C15,P02,R07,385.0,0.05,485.0
T0965,2025-09-04,C13,P02,R05,364.0,0.1,359.0
T0966,2025-09-04,C01,P03,R01,99.0,0.15,625.0
T0967,2025-09-05,C07,P05,R08,115.0,0.25,423.0
T0968,2025-09-06,C12,P04,R08,977.0,0.25,854.0
T0969,2025-09-06,C13,P03,R06,2139.0,0.0,1257.0
T0970,2025-09-06,C03,P02,R04,277.0,0.05,318.0
T0971,2025-09-07,C04,P01,R07,253.0,0.15,614.0
T0972,2025-09-07,C04,P02,R08,237.0,0.25,297.0
T0973,2025-09-07,C13,P03,R08,2103.0,0.35,1193.0
T0974,2025-09-08,C06,P03,R05,1708.0,0.0,1090.0
T0975,2025-09-08,C04,P01,R04,272.0,0.0,502.0
T0976,2025-09-08,C05,P04,R04,56.0,0.0,1854.0
T0977,2025-09-09,C10,P02,R04,1908.0,0.15,1114.0
T0978,2025-09-09,C13,P01,R07,521.0,0.05,718.0
T0979,2025-09-10,C03,P05,R05,282.0,0.0,491.0
T0980,2025-09-10,C04,P05,R02,36.0,0.0,523.0
T0981,2025-09-10,C09,P01,R02,2132.0,0.1,4843.0
T0982,2025-09-10,C07,P03,R01,228.0,0.35,381.0
T0983,2025-09-11,C12,P02,R01,2486.0,0.0,1308.0
T0984,2025-09-11,C15,P04,R05,333.0,0.35,663.0
T0985,2025-09-11,C01,P01,R02,198.0,0.0,360.0
T0986,2025-09-12,C10,P01,R07,2323.0,0.1,1377.0
T0987,2025-09-12,C05,P01,R05,141.0,0.35,1346.0
T0988,2025-09-13,C07,P05,R02,72.0,0.25,337.0
T0989,2025-09-14,C14,P02,R08,205.0,0.35,311.0
T0990,2025-09-14,C04,P04,R06,216.0,0.1,302.0
T0991,2025-09-14,C01,P04,R06,190.0,0.15,415.0
T0992,2025-09-14,C02,P02,R07,244.0,0.1,426.0
T0993,2025-09-15,C05,P02,R03,244.0,0.35,2121.0
T0994,2025-09-15,C05,P03,R02,215.0,0.1,1932.0
T0995,2025-09-17,C13,P04,R01,2346.0,0.05,1491.0
T0996,2025-09-17,C07,P02,R05,98.0,0.15,582.0
T0997,2025-09-18,C07,P05,R08,210.0,0.0,562.0
T0998,2025-09-18,C15,P03,R08,1952.0,0.25,1169.0
T0999,2025-09-18,C14,P05,R01,224.0,0.35,403.0
T1000,2025-09-18,C08,P02,R07,958.0,0.25,700.0
T1001,2025-09-18,C09,P05,R03,789.0,0.0,3343.0
T1002,2025-09-19,C12,P05,R03,1735.0,0.25,1219.0
T1003,2025-09-19,C15,P05,R04,2030.0,0.35,1389.0
T1004,2025-09-20,C02,P02,R01,189.0,0.15,507.0
T1005,2025-09-20,C12,P03,R01,2255.0,0.0,1375.0
T1006,2025-09-20,C02,P02,R07,26.0,0.0,594.0
T1007,2025-09-21,C06,P01,R08,1388.0,0.05,952.0
T1008,2025-09-21,C09,P01,R06,2452.0,0.0,5783.0
T1009,2025-09-21,C13,P05,R05,714.0,0.05,779.0
T1010,2025-09-21,C12,P05,R04,2330.0,0.0,1276.0
T1011,2025-09-22,C12,P05,R01,2379.0,0.05,1299.0
T1012,2025-09-23,C09,P01,R07,2436.0,0.0,4974.0
T1013,2025-09-23,C08,P03,R01,489.0,0.0,715.0
T1014,2025-09-23,C10,P03,R03,1960.0,0.1,1274.0
T1015,2025-09-24,C02,P02,R02,190.0,0.35,373.0
T1016,2025-09-24,C05,P04,R04,179.0,0.0,2768.0
T1017,2025-09-24,C14,P05,R07,197.0,0.1,437.0
T1018,2025-09-25,C07,P01,R03,210.0,0.15,684.0
T1019,2025-09-25,C04,P02,R06,294.0,0.35,415.0
T1020,2025-09-25,C11,P05,R04,43.0,0.0,2029.0
T1021,2025-09-25,C01,P04,R06,240.0,0.05,598.0
T1022,2025-09-25,C05,P04,R03,280.0,0.0,3275.0
T1023,2025-09-26,C13,P05,R08,797.0,0.05,668.0
T1024,2025-09-26,C14,P02,R05,297.0,0.15,441.0
T1025,2025-09-26,C07,P04,R05,92.0,0.15,452.0
T1026,2025-09-27,C15,P03,R03,1304.0,0.0,1104.0
T1027,2025-09-27,C02,P03,R01,96.0,0.1,405.0
T1028,2025-09-28,C12,P01,R02,2227.0,0.0,1146.0
T1029,2025-09-29,C13,P01,R07,1046.0,0.0,952.0
T1030,2025-09-29,C04,P03,R01,292.0,0.35,395.0
T1031,2025-09-30,C04,P02,R07,88.0,0.25,272.0
T1032,2025-09-30,C15,P02,R08,1592.0,0.35,884.0
T1033,2025-10-02,C01,P03,R02,264.0,0.25,457.0
T1034,2025-10-03,C15,P04,R02,2138.0,0.25,1332.0
T1035,2025-10-03,C05,P01,R01,89.0,0.35,1568.0
T1036,2025-10-03,C13,P04,R05,352.0,0.0,419.0
T1037,2025-10-04,C09,P01,R06,1745.0,0.0,3822.0
T1038,2025-10-05,C14,P01,R01,54.0,0.0,412.0
T1039,2025-10-05,C07,P04,R03,283.0,0.35,335.0
T1040,2025-10-05,C01,P03,R02,74.0,0.35,238.0
T1041,2025-10-05,C01,P03,R04,139.0,0.0,521.0
T1042,2025-10-07,C13,P04,R01,1802.0,0.0,1221.0
T1043,2025-10-07,C06,P01,R03,2278.0,0.15,1131.0
T1044,2025-10-07,C03,P04,R04,207.0,0.35,667.0
T1045,2025-10-07,C10,P03,R07,1456.0,0.0,1026.0
T1046,2025-10-08,C05,P01,R07,113.0,0.35,1424.0
T1047,2025-10-08,C01,P02,R08,28.0,0.0,392.0
T1048,2025-10-08,C12,P04,R07,1706.0,0.0,1211.0
T1049,2025-10-08,C08,P03,R01,1013.0,0.15,610.0
T1050,2025-10-08,C01,P04,R03,268.0,0.25,418.0
T1051,2025-10-08,C09,P05,R03,1495.0,0.35,4577.0
T1052,2025-10-09,C08,P05,R06,305.0,0.0,403.0
T1053,2025-10-10,C11,P05,R05,149.0,0.1,2358.0
T1054,2025-10-10,C12,P05,R04,666.0,0.1,672.0
T1055,2025-10-10,C06,P05,R01,1558.0,0.25,1170.0
T1056,2025-10-10,C03,P01,R07,242.0,0.1,333.0
T1057,2025-10-11,C10,P01,R06,1160.0,0.0,714.0
T1058,2025-10-11,C05,P01,R04,246.0,0.1,2994.0
T1059,2025-10-12,C11,P01,R04,274.0,0.05,1696.0
T1060,2025-10-13,C07,P01,R05,33.0,0.05,387.0
T1061,2025-10-13,C07,P05,R03,139.0,0.35,624.0
T1062,2025-10-14,C15,P03,R03,1589.0,0.1,1018.0
T1063,2025-10-14,C15,P01,R07,2293.0,0.0,1246.0
T1064,2025-10-15,C10,P01,R03,645.0,0.0,736.0
T1065,2025-10-15,C13,P01,R04,1999.0,0.1,1022.0
T1066,,C07,P01,R06,200.0,0.0,597.0
T1067,2025-10-17,C05,P05,R05,243.0,0.25,2474.0
T1068,2025-10-18,C13,P03,R08,2458.0,0.1,1412.0
T1069,2025-10-18,C13,P05,R03,873.0,0.35,910.0
T1070,2025-10-18,C05,P03,R07,162.0,0.05,2053.0
T1071,2025-10-18,C01,P05,R02,211.0,0.05,461.0
T1072,2025-10-19,C08,P01,R08,377.0,0.0,737.0
T1073,2025-10-19,C02,P04,R01,47.0,0.35,219.0
T1074,2025-10-20,C12,P04,R02,2386.0,0.25,1162.0
T1075,2025-10-20,C14,P01,R06,65.0,0.35,375.0
T1076,2025-10-20,C05,P04,R04,43.0,0.0,1359.0
T1077,2025-10-20,C08,P04,R06,1539.0,0.1,1071.0
T1078,2025-10-20,C01,P03,R01,64.0,0.35,257.0
T1079,2025-10-20,C05,P05,R05,126.0,0.0,1744.0
T1080,2025-10-21,C13,P01,R07,647.0,0.0,792.0
T1081,2025-10-22,C07,P05,R04,,0.0,368.0
T1082,2025-10-22,C12,P02,R03,609.0,0.0,501.0
T1083,2025-10-23,C11,P01,R04,27.0,0.1,
T1084,2025-10-23,C06,P03,R07,1235.0,0.35,1072.0
T1085,2025-10-24,C07,P01,R07,22.0,0.15,435.0
T1086,2025-10-24,C06,P01,R06,2402.0,0.05,1475.0
T1087,2025-10-24,C07,P01,R06,111.0,0.35,623.0
T1088,2025-10-24,C05,P05,R07,144.0,0.05,1686.0
T1089,2025-10-25,C01,P03,R04,215.0,0.05,615.0
T1090,2025-10-25,C01,P05,R01,268.0,0.0,495.0
T1091,2025-10-25,C15,P03,R08,1647.0,0.35,1043.0
T1092,2025-10-25,C03,P04,R06,36.0,0.0,333.0
T1093,2025-10-26,C15,P02,R03,2286.0,0.25,1163.0
T1094,2025-10-26,C03,P01,R07,250.0,0.0,369.0
T1095,2025-10-26,C08,P03,R02,913.0,0.35,835.0
T1096,2025-10-26,C11,P03,R05,103.0,0.0,1254.0
T1097,2025-10-26,C15,P05,R04,700.0,0.0,678.0
T1098,2025-10-27,C07,P02,R04,39.0,0.15,448.0
T1099,2025-10-27,C06,P02,R08,2222.0,0.1,1326.0
T1100,2025-10-27,C09,P03,R04,986.0,0.15,4224.0
T1101,2025-10-28,C13,P01,R02,784.0,0.15,845.0
T1102,2025-10-28,C14,P03,R05,188.0,0.35,407.0
T1103,2025-10-28,C05,P04,R07,215.0,0.0,2802.0
T1104,2025-10-29,C08,P03,R03,1467.0,0.0,838.0
T1105,2025-10-29,C01,P03,R02,196.0,0.05,360.0
T1106,2025-10-29,C12,P03,R08,439.0,0.05,655.0
T1107,2025-10-29,C11,P02,R04,84.0,0.1,2771.0
T1108,2025-10-29,C11,P03,R06,177.0,0.15,2370.0
T1109,2025-10-30,C07,P04,R05,285.0,0.0,688.0
T1110,2025-10-30,C10,P01,R05,747.0,0.05,663.0
T1111,2025-10-30,C15,P03,R07,1361.0,0.15,896.0
T1112,2025-10-30,C03,P04,R03,238.0,0.25,514.0
T1113,2025-10-30,C04,P05,R08,111.0,0.0,469.0
T1114,2025-10-30,C07,P04,R03,63.0,0.1,282.0
T1115,2025-10-31,C06,P05,R05,1454.0,0.0,935.0
T1116,2025-11-01,C15,P01,R05,2496.0,0.35,1212.0
T1117,2025-11-01,C09,P02,R07,402.0,0.0,3478.0
T1118,2025-11-01,C09,P01,R01,1070.0,0.25,2670.0
T1119,2025-11-01,C13,P01,R05,2469.0,0.1,1488.0
T1120,2025-11-02,C01,P05,R02,298.0,0.0,634.0
T1121,2025-11-02,C08,P05,R02,1691.0,0.25,880.0
T1122,2025-11-02,C06,P04,R08,1171.0,0.0,842.0
T1123,2025-11-03,C03,P03,R03,260.0,0.35,699.0
T1124,2025-11-03,C06,P03,R03,1581.0,0.05,1155.0
T1125,2025-11-04,C11,P02,R04,191.0,0.0,2341.0
T1126,2025-11-04,C10,P04,R01,2365.0,0.35,1507.0
T1127,2025-11-04,C05,P01,R07,265.0,0.0,2702.0
T1128,2025-11-05,C10,P01,R02,1385.0,0.15,871.0
T1129,2025-11-05,C04,P05,R05,237.0,0.25,550.0
T1130,2025-11-06,C01,P03,R05,45.0,0.0,449.0
T1131,2025-11-06,C07,P02,R02,132.0,0.1,487.0
T1132,2025-11-06,C06,P01,R05,1536.0,0.1,1175.0
T1133,2025-11-06,C08,P01,R01,832.0,0.1,769.0
T1134,2025-11-06,C13,P04,R02,1250.0,0.35,993.0
T1135,2025-11-07,C07,P04,R08,62.0,0.35,517.0
T1136,2025-11-07,C06,P04,R07,1122.0,0.0,866.0
T1137,2025-11-10,C04,P01,R08,94.0,0.0,632.0
T1138,2025-11-10,C10,P05,R05,1654.0,0.0,1000.0
T1139,2025-11-10,C01,P05,R08,37.0,0.15,570.0
T1140,2025-11-11,C14,P04,R05,142.0,0.15,349.0
T1141,2025-11-12,C13,P01,R05,1387.0,0.0,1140.0
T1142,2025-11-12,C13,P01,R04,580.0,0.0,629.0
T1143,2025-11-12,C15,P03,R07,475.0,0.05,577.0
T1144,2025-11-13,C01,P05,R06,188.0,0.35,312.0
T1145,2025-11-13,C07,P01,R05,149.0,0.0,589.0
T1146,2025-11-13,C02,P01,R06,270.0,0.0,565.0
T1147,2025-11-14,C05,P04,R01,150.0,0.15,2740.0
T1148,2025-11-15,C07,P01,R01,252.0,0.15,596.0
T1149,2025-11-15,C03,P04,R08,94.0,0.1,431.0
T1150,2025-11-16,C04,P05,R02,299.0,0.1,655.0
T1151,2025-11-16,C02,P05,R04,90.0,0.35,289.0
T1152,2025-11-16,C04,P03,R04,58.0,0.15,482.0
T1153,2025-11-16,C03,P01,R06,265.0,0.05,587.0
T1154,2025-11-16,C04,P03,R02,128.0,0.0,606.0
T1155,2025-11-17,C09,P05,R08,650.0,0.1,3270.0
T1156,2025-11-18,C13,P01,R06,572.0,0.1,680.0
T1157,2025-11-18,C05,P03,R07,136.0,0.15,1444.0
T1158,2025-11-20,C13,P02,R07,1343.0,0.1,832.0
T1159,2025-11-21,C11,P03,R03,176.0,0.0,2184.0
T1160,2025-11-21,C12,P01,R01,2179.0,0.0,1254.0
T1161,2025-11-21,C15,P02,R03,527.0,0.35,590.0
T1162,2025-11-22,C05,P01,R04,281.0,0.0,2416.0
T1163,2025-11-22,C07,P01,R01,73.0,0.0,246.0
T1164,2025-11-22,C03,P02,R04,86.0,0.0,467.0
T1165,2025-11-22,C03,P02,R03,51.0,0.35,265.0
T1166,2025-11-22,C11,P02,R03,186.0,0.0,2884.0
T1167,2025-11-23,C02,P04,R01,168.0,0.0,645.0
T1168,2025-11-23,C02,P04,R08,34.0,0.1,575.0
T1169,2025-11-24,C15,P02,R04,1061.0,0.15,924.0
T1170,2025-11-26,C10,P02,R07,958.0,0.0,889.0
T1171,2025-11-26,C02,P04,R02,61.0,0.15,256.0
T1172,2025-11-26,C08,P03,R01,2465.0,0.15,1550.0
T1173,2025-11-26,C12,P04,R07,2185.0,0.0,1370.0
T1174,2025-11-27,C15,P04,R06,684.0,0.1,673.0
T1175,2025-11-27,C12,P02,R03,563.0,0.0,462.0
T1176,2025-11-28,C04,P03,R04,245.0,0.15,488.0
T1177,2025-12-01,C13,P05,R06,2252.0,0.15,1135.0
T1178,2025-12-01,C10,P03,R02,1897.0,0.0,1171.0
T1179,2025-12-01,C02,P02,R08,164.0,0.1,425.0
T1180,2025-12-02,C06,P01,R07,2078.0,0.1,1065.0
T1181,2025-12-02,C01,P02,R08,67.0,0.25,316.0
T1182,2025-12-02,C11,P05,R04,135.0,0.35,1702.0
T1183,2025-12-02,C08,P03,R03,1337.0,0.0,844.0
T1184,2025-12-02,C02,P05,R07,43.0,0.15,314.0
T1185,2025-12-02,C12,P03,R07,2424.0,0.0,1437.0
T1186,2025-12-03,C03,P02,R01,179.0,0.1,272.0
T1187,2025-12-06,C11,P02,R05,299.0,0.1,3448.0
T1188,2025-12-06,C06,P01,R03,519.0,0.0,678.0
T1189,2025-12-06,C02,P02,R04,241.0,0.0,341.0
T1190,2025-12-07,C04,P01,R04,246.0,0.0,662.0
T1191,2025-12-07,C08,P03,R04,1987.0,0.1,1195.0
T1192,2025-12-07,C13,P01,R07,791.0,0.0,853.0
T1193,2025-12-07,C10,P02,R03,716.0,0.25,823.0
T1194,2025-12-07,C10,P01,R08,2061.0,0.1,1051.0
T1195,2025-12-08,C06,P01,R02,1745.0,0.0,968.0
T1196,2025-12-08,C02,P05,R04,270.0,0.05,637.0
T1197,2025-12-08,C02,P02,R05,246.0,0.1,489.0
T1198,,C05,P04,R08,189.0,0.1,2523.0
T1199,2025-12-09,C05,P04,R01,185.0,0.25,2787.0
T1200,2025-12-10,C15,P04,R03,1882.0,0.25,1251.0
T1201,2025-12-12,C04,P03,R08,108.0,0.05,251.0
T1202,2025-12-12,C03,P01,R02,177.0,0.0,501.0
T1203,2025-12-13,C10,P01,R06,1882.0,0.25,1053.0
T1204,2025-12-13,C13,P04,R04,779.0,0.15,729.0
T1205,2025-12-15,C06,P01,R06,2013.0,0.25,1098.0
T1206,2025-12-15,C01,P04,R02,114.0,0.35,489.0
T1207,2025-12-15,C15,P03,R07,390.0,0.1,708.0
T1208,2025-12-16,C05,P03,R05,183.0,0.35,2359.0
T1209,2025-12-16,C14,P04,R07,158.0,0.0,342.0
T1210,2025-12-17,C10,P01,R01,2423.0,0.15,1310.0
T1211,2025-12-17,C04,P02,R04,35.0,0.05,324.0
T1212,2025-12-17,C06,P05,R05,1588.0,0.25,1047.0
T1213,2025-12-18,C09,P03,R06,1566.0,0.25,3449.0
T1214,2025-12-18,C02,P04,R07,57.0,0.0,453.0
T1215,2025-12-18,C12,P03,R06,1199.0,0.15,994.0
T1216,2025-12-19,C02,P03,R06,66.0,0.0,242.0
T1217,2025-12-19,C06,P05,R07,1484.0,0.0,912.0
T1218,2025-12-19,C02,P02,R05,151.0,0.05,563.0
T1219,2025-12-20,C14,P05,R08,291.0,0.15,685.0
T1220,2025-12-20,C12,P03,R06,1768.0,0.0,1095.0
T1221,2025-12-20,C11,P01,R06,57.0,0.35,1690.0
T1222,2025-12-20,C01,P02,R02,123.0,0.0,419.0
T1223,2025-12-20,C12,P02,R04,408.0,0.05,389.0
T1224,2025-12-21,C08,P03,R08,,0.15,742.0
T1225,2025-12-21,C09,P02,R01,1097.0,0.1,2865.0
T1226,2025-12-22,C13,P02,R07,2453.0,0.0,
T1227,2025-12-22,C01,P01,R05,131.0,0.35,647.0
T1228,2025-12-23,C08,P03,R01,1576.0,0.05,1066.0
T1229,2025-12-23,C12,P05,R03,2087.0,0.05,1402.0
T1230,2025-12-24,C03,P03,R06,148.0,0.35,275.0
T1231,2025-12-24,C08,P05,R03,1478.0,0.0,1017.0
T1232,2025-12-24,C13,P01,R04,1038.0,0.35,745.0
T1233,2025-12-24,C02,P01,R04,207.0,0.05,611.0
T1234,2025-12-24,C10,P01,R07,2145.0,0.35,1234.0
T1235,2025-12-24,C04,P03,R01,269.0,0.35,507.0
T1236,2025-12-24,C04,P02,R02,116.0,0.05,584.0
T1237,2025-12-24,C13,P02,R08,2032.0,0.15,1150.0
T1238,2025-12-25,C04,P04,R01,139.0,0.0,557.0
T1239,2025-12-25,C09,P03,R03,617.0,0.0,3525.0
T1240,2025-12-25,C12,P04,R03,724.0,0.0,676.0
T1241,2025-12-25,C13,P01,R02,1762.0,0.0,915.0
T1242,2025-12-26,C09,P01,R04,547.0,0.0,1955.0
T1243,2025-12-26,C12,P01,R01,1984.0,0.0,1239.0
T1244,2025-12-27,C12,P04,R08,1677.0,0.0,1002.0
T1245,2025-12-27,C11,P03,R08,162.0,0.1,1503.0
T1246,2025-12-29,C08,P04,R04,529.0,0.35,808.0
T1247,2025-12-29,C13,P01,R02,983.0,0.1,632.0
T1248,2025-12-30,C14,P01,R05,90.0,0.0,324.0
T1249,2025-12-30,C06,P05,R01,1960.0,0.0,1313.0
T1250,2025-12-31,C10,P03,R08,630.0,0.35,780.0
T0101,2025-02-15,C09,P03,R07,2469.0,0.15,5693.0
T0102,2025-02-15,C11,P02,R02,30.0,0.35,2510.0
T0103,2025-02-17,C10,P05,R03,742.0,0.15,784.0
T0104,2025-02-18,C08,P02,R02,1519.0,0.35,820.0
T0105,2025-02-18,C10,P03,R05,1707.0,0.0,1221.0
