Trans_ID,Date,Customer_ID,Product_ID,Rep_ID,Qty_KG,Discount_Pct,Shipping_Cost
T0001,1/1/2025,C07,P03,R03,216,0,600
T0002,1/1/2025,C06,P05,R03,2489,0.25,1448
T0003,1/1/2025,C15,P01,R03,911,0.35,803
T0004,1/1/2025,C06,P02,R05,1645,0,1141
T0005,1/1/2025,C09,P02,R04,808,0.1,3687
T0006,1/2/2025,C13,P05,R02,521,0.05,702
T0007,1/2/2025,C13,P02,R04,521,0,509
T0008,1/2/2025,C11,P01,R01,98,0,1692
T0009,1/3/2025,C11,P01,R03,113,0.1,1169
T0010,1/3/2025,C14,P05,R05,87,0.05,561
T0011,1/4/2025,C11,P01,R03,218,0,2517
T0012,1/4/2025,C13,P05,R07,2443,0.15,1260
T0013,1/4/2025,C12,P99,R01,1721,0.15,891
T0014,1/6/2025,C04,P04,R01,143,0.05,316
T0015,1/6/2025,C06,P04,R04,426,0,424
T0016,1/6/2025,C01,P01,R06,240,0.1,578
T0017,1/7/2025,C10,P05,R04,591,0.1,782
T0018,1/7/2025,C05,P04,R08,,0,3281
T0019,1/7/2025,C07,P04,R02,142,0,646
T0020,1/8/2025,C05,P03,R01,275,0.25,3112
T0021,1/9/2025,C02,P04,R04,96,0,284
T0022,1/9/2025,C09,P03,R05,933,0.1,3404
T0023,1/9/2025,C06,P02,R05,1504,0,1127
T0024,1/10/2025,C06,P03,R05,1702,0.25,1094
T0025,1/11/2025,C10,P04,R07,,0.05,1269
T0026,1/12/2025,C07,P04,R03,29,0.35,294
T0027,1/12/2025,C05,P04,R01,244,0.35,1476
T0028,1/12/2025,C15,P05,R08,324,0.35,573
T0029,1/12/2025,C10,P02,R04,819,0.35,838
T0030,1/13/2025,C08,P02,R03,781,0.15,781
T0031,1/13/2025,C15,P04,R05,2383,0,1257
T0032,1/14/2025,C11,P02,R08,123,0.25,1259
T0033,1/15/2025,C01,P02,R06,128,0,
T0034,1/15/2025,C13,P03,R05,1406,0.25,1137
T0035,1/15/2025,C05,P04,R08,230,0.15,2945
T0036,1/17/2025,C09,P05,R08,1860,0.25,4980
T0037,1/17/2025,C15,P01,R06,340,0.35,361
T0038,1/17/2025,C03,P01,R02,115,0,351
T0039,1/17/2025,C07,P04,R01,167,0,344
T0040,1/17/2025,C15,P04,R08,1125,0.25,1031
T0041,1/18/2025,C03,P01,R07,273,0.35,334
T0042,1/19/2025,C07,P03,R02,232,0.05,331
T0043,1/20/2025,C04,P04,R07,108,0.15,348
T0044,1/20/2025,C12,P02,R08,1455,0.35,967
T0045,1/20/2025,C14,P04,R04,73,0,293
T0046,1/20/2025,C02,P02,R01,249,0.1,656
T0047,1/21/2025,C01,P04,R03,26,0.05,234
T0048,1/21/2025,C07,P01,R04,194,0,335
T0049,1/21/2025,C14,P04,R04,208,0.35,617
T0050,1/22/2025,C07,P03,R03,165,0,317
T0051,22/01/2025,C09,P02,R01,512,0,1868
T0052,22/01/2025,C11,P05,R05,116,0.05,3144
T0053,22/01/2025,C09,P02,R05,343,0.15,
T0054,24/01/2025,C09,P05,R02,1605,0.15,5007
T0055,25/01/2025,C15,P05,R01,,0,557
T0056,25/01/2025,C14,P03,R07,221,0.25,507
T0057,26/01/2025,C02,P03,R08,69,0.1,491
T0058,27/01/2025,C13,P04,R03,2203,0,1421
T0059,27/01/2025,C08,P03,R01,727,0.1,696
T0060,27/01/2025,C09,P05,R05,664,0.05,3881
T0061,28/01/2025,C09,P04,R08,1680,0.25,3815
T0062,28/01/2025,C14,P05,R01,60,0,342
T0063,28/01/2025,C11,P02,R02,60,0,2195
T0064,28/01/2025,C02,P02,R03,117,0.25,615
T0065,29/01/2025,C07,P03,R01,51,0.35,446
T0066,29/01/2025,C04,P02,R01,287,0,617
T0067,29/01/2025,C04,P05,R08,94,0.25,
T0068,29/01/2025,C13,P01,R02,324,0,398
T0069,30/01/2025,C05,P03,R07,238,0.1,2267
T0070,30/01/2025,C15,P03,R08,338,0.35,535
T0071,,C05,P05,R07,,0,3072
T0072,2/2/2025,C13,P03,R03,1438,0.05,952
T0073,3/2/2025,C05,P03,R03,288,0.1,2252
T0074,3/2/2025,C14,P05,R04,117,0.15,374
T0075,3/2/2025,C11,P04,R04,234,0.35,2491
T0076,3/2/2025,C12,P05,R02,1019,0,964
T0077,3/2/2025,C09,P02,R07,1238,0.1,4772
T0078,4/2/2025,C14,P01,R05,127,0.35,425
T0079,4/2/2025,C06,P04,R02,2396,0.1,1228
T0080,5/2/2025,C03,P01,R06,114,0,371
T0081,5/2/2025,C08,P05,R04,1189,0.25,823
T0082,7/2/2025,C14,P04,R04,39,0,523
T0083,7/2/2025,C11,P03,R07,200,0.05,2740
T0084,8/2/2025,C15,P03,R02,2229,0,1108
T0085,8/2/2025,C15,P03,R04,1374,0.35,975
T0086,9/2/2025,C04,P01,R06,298,0.1,563
T0087,9/2/2025,C11,P05,R06,225,0,2422
T0088,9/2/2025,C04,P03,R01,156,0.25,456
T0089,9/2/2025,C99,P02,R07,132,0,285
T0090,10/2/2025,C12,P04,R01,457,0,446
T0091,2/10/2025,C10,P02,R08,1185,0.35,733
T0092,2/10/2025,C05,P04,R02,190,0.05,1735
T0093,2/11/2025,C10,P05,R04,1373,0.15,764
T0094,2/11/2025,C04,P03,R07,165,0,420
T0095,2/12/2025,C08,P03,R02,2077,0,1138
T0096,2/13/2025,C14,P05,R07,179,0.05,337
T0097,2/13/2025,C15,P05,R03,497,0.05,506
T0098,2/14/2025,C15,P01,R04,679,0,772
T0099,2/14/2025,C01,P02,R08,256,0,449
T0100,2/15/2025,C03,P03,R02,146,0,519
T0101,2/15/2025,C09,P03,R07,2469,0.15,5693
T0102,2/15/2025,C11,P02,R02,30,0.35,2510
T0103,2/17/2025,C10,P05,R03,742,0.15,784
T0104,2/18/2025,C08,P02,R02,1519,0.35,820
T0105,2/18/2025,C10,P03,R05,1707,0,1221
T0106,2/18/2025,C12,P04,R06,-500,0,766
T0107,,C05,P03,R07,264,0.35,1801
T0108,2/19/2025,C14,P05,R02,177,0.05,653
T0109,2/20/2025,C01,P05,R01,209,0.1,588
T0110,2/20/2025,C09,P04,R08,1071,0.15,3341
T0111,2/20/2025,C13,P05,R02,2343,0.15,1389
T0112,2/21/2025,C09,P02,R03,2027,0.35,4535
T0113,2/22/2025,C09,P04,R08,1113,0.35,3969
T0114,2/22/2025,C13,P01,R01,916,0.35,593
T0115,2/22/2025,C11,P01,R06,191,0,2336
T0116,,C05,P03,R07,214,0.35,2641
T0117,2/23/2025,C05,P02,R08,203,0.35,3069
T0118,2/24/2025,C10,P01,R06,1752,0.25,1251
T0119,2/24/2025,C08,P03,R04,1703,0,1072
T0120,2/24/2025,C04,P01,R06,291,0.15,550
T0121,2/25/2025,C07,P01,R05,70,0.35,484
T0122,2/26/2025,C08,P04,R02,1766,0,954
T0123,2/26/2025,C10,P04,R01,392,0,462
T0124,2/26/2025,C07,P05,R02,41,0.05,545
T0125,2/27/2025,C10,P02,R01,964,0.1,713
T0126,2/27/2025,C03,P04,R03,261,0.35,671
T0127,2/28/2025,C02,P02,R05,53,0,270
T0128,2/28/2025,C12,P01,R05,2380,0,1490
T0129,2/28/2025,C11,P05,R06,274,0.25,
T0130,3/1/2025,C15,P03,R07,1329,0.35,1083
T0131,3/1/2025,C15,P01,R04,1295,0.05,937
T0132,3/1/2025,C11,P04,R08,285,0.1,2652
T0133,3/1/2025,C15,P02,R04,1557,0.1,1183
T0134,3/1/2025,C04,P01,R02,147,0,470
T0135,3/2/2025,C10,P02,R01,708,0.1,603
T0136,3/2/2025,C03,P04,R01,137,0.25,527
T0137,3/2/2025,C02,P05,R07,36,0.15,266
T0138,3/3/2025,C04,P01,R08,226,0.1,391
T0139,3/3/2025,C12,P02,R07,794,0,563
T0140,3/3/2025,C15,P04,R04,1348,0,974
T0141,3/3/2025,C08,P03,R06,1717,0.35,1007
T0142,3/3/2025,C02,P04,R02,155,0.05,487
T0143,3/4/2025,C01,P01,R08,243,0,308
T0144,3/4/2025,C15,P05,R07,516,0,541
T0145,3/4/2025,C04,P04,R02,40,0.15,377
T0146,3/4/2025,C04,P01,R06,280,0,430
T0147,3/4/2025,C01,P01,R04,281,0,628
T0148,3/5/2025,C08,P01,R06,2007,0,1127
T0149,3/5/2025,C05,P04,R04,195,0,2187
T0150,3/5/2025,C08,P05,R07,1821,0,1047
T0151,3/6/2025,C12,P03,R05,1502,0.05,1156
T0152,3/6/2025,C04,P03,R03,231,0.25,641
T0153,3/6/2025,C05,P02,R05,103,0.25,2999
T0154,3/6/2025,C07,P05,R03,124,0.05,389
T0155,3/6/2025,C05,P03,R04,185,0,2397
T0156,3/6/2025,C04,P02,R05,20,0,489
T0157,3/6/2025,C15,P01,R08,1321,0.1,1072
T0158,3/6/2025,C13,P02,R06,2362,0,1365
T0159,3/7/2025,C03,P03,R03,194,0.15,287
T0160,3/7/2025,C06,P03,R04,774,0.1,585
T0161,3/8/2025,C10,P03,R08,1229,0.35,994
T0162,3/8/2025,C09,P03,R07,2371,0,5831
T0163,3/8/2025,C03,P02,R07,295,0,451
T0164,3/8/2025,C14,P03,R05,246,0,470
T0165,3/8/2025,C02,P02,R08,209,0,502
T0166,3/8/2025,C08,P04,R03,1775,0.25,1171
T0167,3/8/2025,C02,P03,R07,253,0.35,651
T0168,3/8/2025,C01,P01,R08,221,0.05,428
T0169,3/9/2025,C01,P02,R08,85,0.25,348
T0170,3/9/2025,C09,P05,R02,972,0.05,
T0171,3/9/2025,C04,P04,R04,104,0,412
T0172,3/9/2025,C02,P03,R06,34,0,596
T0173,3/9/2025,C13,P04,R04,792,0.15,723
T0174,3/10/2025,C11,P01,R05,254,0,1646
T0175,3/10/2025,C12,P02,R07,1928,0,1338
T0176,3/10/2025,C14,P01,R06,210,0.1,452
T0177,3/10/2025,C13,P05,R07,456,0,461
T0178,3/10/2025,C06,P04,R05,1247,0,1057
T0179,3/10/2025,C02,P03,R06,146,0,650
T0180,3/10/2025,C13,P02,R03,1689,0.15,1061
T0181,3/10/2025,C02,P05,R05,32,0.05,517
T0182,3/10/2025,C08,P02,R05,2384,0.1,1494
T0183,3/11/2025,C02,P04,R04,261,0.1,577
T0184,3/11/2025,C11,P05,R05,23,0,2389
T0185,3/11/2025,C01,P01,R02,63,0,354
T0186,3/11/2025,C02,P03,R08,,0.1,255
T0187,3/11/2025,C12,P04,R04,641,0.25,466
T0188,3/11/2025,C01,P05,R05,84,0,420
T0189,3/11/2025,C05,P04,R07,39,0.1,2543
T0190,3/11/2025,C04,P02,R04,110,0,641
T0191,3/12/2025,C06,P01,R06,709,0.35,607
T0192,3/12/2025,C15,P04,R03,1989,0.1,1141
T0193,3/13/2025,C06,P03,R07,2241,0.1,1245
T0194,3/13/2025,C09,P02,R08,1287,0.15,4445
T0195,3/13/2025,C08,P04,R03,384,0,486
T0196,3/13/2025,C01,P03,R05,150,0,374
T0197,3/14/2025,C08,P01,R05,1525,0.25,1075
T0198,3/14/2025,C02,P02,R03,51,0.35,343
T0199,3/14/2025,C03,P03,R08,133,0,406
T0200,3/14/2025,C14,P04,R06,102,0.15,484
T0201,3/14/2025,C08,P05,R05,2410,0.35,1326
T0202,3/14/2025,C13,P04,R05,2284,0.1,1391
T0203,3/14/2025,C02,P01,R06,146,0.15,582
T0204,3/14/2025,C04,P05,R06,122,0.15,529
T0205,3/14/2025,C14,P02,R08,259,0.1,407
T0206,3/15/2025,C07,P01,R05,39,0.25,443
T0207,3/15/2025,C03,P02,R04,275,0,582
T0208,3/15/2025,C13,P01,R06,1531,0,995
T0209,3/15/2025,C09,P05,R08,1096,0.25,3889
T0210,3/15/2025,C02,P01,R04,173,0,647
T0211,3/15/2025,C09,P02,R02,1755,0,-150
T0212,3/15/2025,C14,P03,R01,80,0.1,495
T0213,3/16/2025,C15,P02,R08,1919,0,1173
T0214,3/16/2025,C04,P05,R01,24,0.1,484
T0215,3/16/2025,C05,P05,R05,,0.25,1531
T0216,3/16/2025,C13,P04,R08,715,0.15,688
T0217,3/16/2025,C13,P01,R07,1114,0.35,1036
T0218,3/16/2025,C12,P02,R01,595,0.35,767
T0219,3/16/2025,C06,P05,R06,363,0,349
T0220,3/17/2025,C02,P04,R06,249,0,329
T0221,3/17/2025,C11,P02,R07,150,0,2445
T0222,3/17/2025,C12,P02,R06,1148,0.25,1019
T0223,3/17/2025,C07,P02,R05,220,0.15,488
T0224,3/17/2025,C01,P05,R04,106,0,367
T0225,3/18/2025,C08,P05,R03,1044,0,933
T0226,3/18/2025,C01,P05,R05,130,0,331
T0227,3/18/2025,C13,P03,R02,974,0.05,621
T0228,3/18/2025,C04,P04,R08,177,0.35,613
T0229,3/18/2025,C07,P01,R03,197,0,603
T0230,3/18/2025,C07,P02,R05,57,0.25,346
T0231,3/18/2025,C11,P01,R05,215,0,1892
T0232,3/18/2025,C08,P04,R04,2315,0.15,1319
T0233,3/19/2025,C04,P05,R01,212,0.15,
T0234,3/19/2025,C15,P03,R01,2284,0.15,1166
T0235,3/19/2025,C12,P05,R08,1353,0,1061
T0236,3/19/2025,C07,P03,R01,63,0.25,325
T0237,3/19/2025,C09,P05,R07,1167,0.05,2930
T0238,3/20/2025,C06,P01,R08,615,0,653
T0239,3/20/2025,C14,P03,R02,157,0.05,564
T0240,3/20/2025,C11,P03,R01,122,0.05,2838
T0241,3/20/2025,C02,P02,R05,205,0,604
T0242,3/20/2025,C06,P05,R02,1554,0.15,1115
T0243,3/20/2025,C12,P03,R06,2244,0.25,1157
T0244,3/21/2025,C15,P02,R02,1271,0.25,1044
T0245,3/21/2025,C03,P01,R01,90,0.05,412
T0246,3/21/2025,C06,P03,R03,1833,0,1241
T0247,3/21/2025,C04,P02,R07,81,0,440
T0248,3/21/2025,C09,P01,R08,941,0,3361
T0249,3/22/2025,C02,P01,R04,105,0,548
T0250,3/22/2025,C12,P05,R01,1921,0.15,985
T0251,3/22/2025,C10,P01,R04,1572,0.1,1195
T0252,3/22/2025,C06,P04,R02,1524,0,1064
T0253,3/22/2025,C09,P02,R04,2395,0.15,6502
T0254,3/22/2025,C08,P01,R07,1010,0.05,744
T0255,3/23/2025,C05,P02,R08,20,0.1,2325
T0256,3/23/2025,C06,P04,R03,,0,1228
T0257,3/23/2025,C11,P05,R06,180,0.15,3095
T0258,3/23/2025,C04,P05,R06,77,0,278
T0259,3/23/2025,C03,P04,R08,68,0.05,332
T0260,3/23/2025,C06,P02,R02,2122,0.15,1278
T0261,3/23/2025,C09,P05,R07,1156,0,4194
T0262,3/23/2025,C15,P04,R06,1288,0.35,807
T0263,3/23/2025,C02,P02,R08,240,0.15,549
T0264,3/23/2025,C14,P03,R06,114,0,315
T0265,3/24/2025,C03,P03,R06,296,0.35,562
T0266,3/24/2025,C14,P02,R01,155,0.05,524
T0267,3/24/2025,C15,P04,R02,1470,0.1,874
T0268,3/24/2025,C15,P02,R05,2132,0,1335
T0269,3/24/2025,C08,P01,R07,1569,0.15,919
T0270,3/24/2025,C13,P03,R05,1405,0.15,1032
T0271,3/24/2025,C11,P03,R05,257,0.05,2285
T0272,3/24/2025,C05,P02,R07,277,0.25,3390
T0273,3/25/2025,C12,P05,R08,2003,0.35,1115
T0274,3/25/2025,C08,P01,R03,609,0.1,523
T0275,3/25/2025,C08,P01,R02,2241,0.15,1297
T0276,3/25/2025,C14,P03,R08,175,0.1,667
T0277,3/26/2025,C05,P03,R07,223,0,2379
T0278,3/26/2025,C08,P01,R06,1740,0.15,1196
T0279,3/26/2025,C05,P03,R03,32,0,1688
T0280,3/26/2025,C13,P03,R08,1201,0.15,942
T0281,3/27/2025,C07,P05,R01,206,0,291
T0282,3/27/2025,C11,P04,R08,50,0,1100
T0283,3/27/2025,C03,P01,R03,204,0.05,600
T0284,3/27/2025,C07,P02,R03,96,0,316
T0285,3/27/2025,C08,P01,R03,1585,0.1,910
T0286,3/27/2025,C01,P02,R01,287,0,678
T0287,3/27/2025,C05,P01,R03,85,0.35,1682
T0288,3/28/2025,C03,P03,R04,216,0.35,431
T0289,3/28/2025,C14,P02,R04,265,0.25,356
T0290,3/28/2025,C12,P01,R06,2063,0.35,1270
T0291,3/28/2025,C02,P05,R08,252,0.05,468
T0292,3/28/2025,C06,P04,R07,530,0.35,756
T0293,3/28/2025,C02,P03,R07,106,0.35,592
T0294,3/28/2025,C09,P01,R02,1967,0.35,5040
T0295,3/29/2025,C08,P01,R05,2026,0.35,1336
T0296,3/29/2025,C11,P01,R02,199,0.05,2618
T0297,3/29/2025,C04,P03,R06,153,0.35,437
T0298,3/29/2025,C02,P03,R08,260,0.25,385
T0299,3/29/2025,C11,P01,R05,119,0.15,3113
T0300,3/29/2025,C11,P03,R03,71,0.1,2876
T0301,3/29/2025,C09,P02,R02,2337,0.35,5505
T0302,3/29/2025,C13,P05,R06,367,0,548
T0303,3/29/2025,C11,P04,R03,245,0.25,3272
T0304,3/29/2025,C08,P04,R08,2175,0.1,1136
T0305,3/30/2025,C04,P03,R07,210,0.35,305
T0306,3/30/2025,C09,P02,R03,609,0.1,2088
T0307,3/30/2025,C08,P04,R08,503,0.25,420
T0308,3/30/2025,C08,P02,R05,1553,0.05,1061
T0309,3/31/2025,C14,P01,R02,173,0,566
T0310,3/31/2025,C04,P03,R08,202,0.15,650
T0311,3/31/2025,C07,P01,R06,293,0.1,686
T0312,4/1/2025,C10,P04,R01,914,0.15,650
T0313,4/1/2025,C07,P01,R04,153,0.05,606
T0314,4/1/2025,C13,P03,R07,375,0,436
T0315,4/1/2025,C10,P01,R05,1732,0.1,1129
T0316,4/1/2025,C07,P05,R05,116,0.35,498
T0317,4/2/2025,C01,P02,R02,98,0.35,638
T0318,4/2/2025,C01,P01,R04,194,0,595
T0319,4/2/2025,C15,P05,R06,886,0.05,860
T0320,4/2/2025,C02,P05,R04,83,0.35,322
T0321,4/2/2025,C01,P03,R05,226,0.1,335
T0322,4/2/2025,C02,P01,R02,222,0.05,551
T0323,4/2/2025,C05,P05,R02,,0.35,2128
T0324,4/2/2025,C13,P04,R01,487,0.25,724
T0325,4/2/2025,C12,P03,R03,1495,0,969
T0326,4/2/2025,C12,P05,R07,1310,0,1033
T0327,4/2/2025,C10,P02,R05,1017,0.25,740
T0328,4/2/2025,C10,P03,R01,393,0.25,433
T0329,4/3/2025,C14,P05,R04,294,0.15,709
T0330,4/3/2025,C02,P05,R05,119,0.15,402
T0331,4/3/2025,C10,P02,R06,1118,0.35,787
T0332,4/3/2025,C11,P01,R03,76,0,2559
T0333,4/3/2025,C09,P01,R04,1221,0.05,3011
T0334,4/4/2025,C09,P05,R04,1452,0.25,4053
T0335,4/4/2025,C05,P01,R01,241,0.1,1801
T0336,4/4/2025,C11,P04,R01,30,0,2070
T0337,4/4/2025,C13,P03,R08,503,0.35,402
T0338,4/4/2025,C11,P05,R08,99,0,2378
T0339,4/4/2025,C02,P05,R06,239,0,512
T0340,,C04,P02,R06,288,0.35,609
T0341,4/4/2025,C06,P04,R06,1448,0.35,837
T0342,4/5/2025,C02,P01,R08,150,0,549
T0343,4/5/2025,C15,P02,R05,1802,0,931
T0344,4/5/2025,C07,P05,R01,165,0.35,361
T0345,4/5/2025,C11,P03,R01,238,0.1,2112
T0346,4/5/2025,C11,P01,R02,290,0,3100
T0347,4/5/2025,C06,P04,R05,653,0.15,606
T0348,4/5/2025,C12,P03,R08,1211,0.35,838
T0349,4/5/2025,C09,P02,R05,905,0.25,3157
T0350,4/5/2025,C05,P05,R08,109,0,3073
T0351,4/6/2025,C05,P04,R06,96,0,1554
T0352,4/6/2025,C03,P05,R08,114,0,416
T0353,4/6/2025,C08,P01,R03,2170,0.1,1336
T0354,4/6/2025,C01,P05,R07,36,0.05,540
T0355,4/6/2025,C03,P05,R08,186,0.1,430
T0356,4/6/2025,C02,P05,R07,172,0,337
T0357,4/7/2025,C15,P03,R05,2191,0,1438
T0358,4/7/2025,C11,P05,R06,63,0.15,1434
T0359,4/7/2025,C01,P02,R08,213,0.15,399
T0360,4/7/2025,C01,P01,R05,141,0,266
T0361,4/7/2025,C04,P04,R08,35,0.05,515
T0362,4/7/2025,C11,P04,R04,268,0.05,1622
T0363,4/8/2025,C14,P04,R03,278,0.05,583
T0364,4/8/2025,C05,P04,R04,221,0.25,2346
T0365,4/8/2025,C02,P01,R04,74,0.25,518
T0366,4/8/2025,C12,P05,R03,2343,0.1,1151
T0367,4/8/2025,C12,P01,R04,1916,0.1,1208
T0368,4/8/2025,C01,P02,R06,122,0.05,404
T0369,4/8/2025,C09,P01,R04,350,0,1675
T0370,4/8/2025,C09,P05,R01,757,0.15,3850
T0371,4/9/2025,C02,P02,R07,102,0.35,330
T0372,4/9/2025,C04,P02,R06,282,0,669
T0373,4/9/2025,C03,P02,R08,103,0.05,315
T0374,4/9/2025,C15,P03,R08,922,0.15,954
T0375,4/9/2025,C14,P02,R02,181,0.35,364
T0376,4/9/2025,C07,P04,R01,235,0.05,403
T0377,4/10/2025,C11,P03,R04,78,0.35,1557
T0378,4/10/2025,C15,P01,R01,1162,0.05,910
T0379,4/10/2025,C05,P04,R06,167,0.05,2075
T0380,4/10/2025,C14,P05,R03,77,0,308
T0381,4/10/2025,C07,P02,R01,58,0,268
T0382,4/10/2025,C06,P01,R05,1602,0.1,964
T0383,4/10/2025,C07,P03,R08,90,0.25,352
T0384,4/11/2025,C15,P01,R05,1686,0.35,957
T0385,4/11/2025,C05,P03,R05,178,0.35,2297
T0386,4/11/2025,C07,P05,R07,43,0,480
T0387,4/11/2025,C01,P03,R06,176,0.25,581
T0388,4/12/2025,C04,P04,R05,40,0.05,610
T0389,4/12/2025,C01,P01,R06,47,0.15,538
T0390,4/12/2025,C04,P03,R01,175,0,411
T0391,4/12/2025,C14,P02,R05,148,0.05,616
T0392,4/12/2025,C11,P04,R06,186,0,2019
T0393,4/12/2025,C03,P03,R04,233,0,435
T0394,4/12/2025,C03,P05,R07,185,0.1,
T0395,4/13/2025,C14,P03,R07,99,0.1,329
T0396,4/13/2025,C14,P02,R06,180,0.25,332
T0397,4/13/2025,C11,P05,R08,246,0,2899
T0398,4/13/2025,C01,P04,R02,162,0,444
T0399,4/13/2025,C01,P04,R07,56,0,332
T0400,4/13/2025,C04,P05,R07,294,0.25,412
T0401,4/14/2025,C06,P02,R06,2367,0.25,1152
T0402,4/14/2025,C12,P01,R04,1055,0.15,859
T0403,4/14/2025,C14,P01,R05,287,0,337
T0404,4/14/2025,C01,P02,R02,185,0,363
T0405,4/14/2025,C12,P03,R05,1687,0.15,1157
T0406,4/15/2025,C15,P03,R03,,0.25,1162
T0407,4/15/2025,C01,P03,R03,184,0,577
T0408,4/15/2025,C02,P05,R07,201,0.25,380
T0409,4/15/2025,C05,P03,R08,276,0,2499
T0410,4/16/2025,C13,P03,R08,1526,0,999
T0411,4/16/2025,C14,P01,R01,103,0.05,337
T0412,4/16/2025,C02,P04,R04,159,0,574
T0413,4/16/2025,C10,P05,R03,1135,0,1052
T0414,4/16/2025,C01,P03,R03,176,0,411
T0415,4/16/2025,C05,P03,R07,299,0.05,2808
T0416,4/16/2025,C10,P03,R07,99999,0.15,1148
T0417,4/16/2025,C08,P04,R06,505,0,668
T0418,4/16/2025,C06,P05,R06,2485,0.05,1446
T0419,4/16/2025,C04,P04,R06,107,0.35,523
T0420,4/16/2025,C03,P04,R04,178,0.35,304
T0421,4/16/2025,C05,P04,R07,86,0,2829
T0422,4/16/2025,C15,P05,R05,520,0.05,654
T0423,4/16/2025,C06,P03,R05,713,0.25,525
T0424,4/17/2025,C06,P05,R05,1257,0.1,704
T0425,4/17/2025,C13,P03,R07,2024,0.1,1060
T0426,4/17/2025,C10,P05,R03,1458,0,1044
T0427,4/17/2025,C15,P01,R02,384,0,376
T0428,4/17/2025,C09,P03,R06,463,0.05,2289
T0429,4/17/2025,C01,P03,R07,49,0.15,372
T0430,4/18/2025,C09,P04,R08,352,0.1,2018
T0431,4/18/2025,C01,P04,R04,23,0.35,479
T0432,4/18/2025,C07,P05,R08,265,0.1,345
T0433,4/18/2025,C06,P05,R05,605,0.15,674
T0434,4/18/2025,C12,P03,R03,353,0.1,459
T0435,4/18/2025,C06,P03,R06,1037,0.15,
T0436,4/18/2025,C06,P01,R08,2368,0.25,1395
T0437,4/18/2025,C05,P05,R06,83,0.25,1399
T0438,4/18/2025,C12,P04,R05,2370,0,1333
T0439,4/19/2025,C01,P01,R04,74,0,344
T0440,4/19/2025,C07,P05,R06,151,0,646
T0441,4/19/2025,C12,P03,R08,1478,0.35,1048
T0442,4/19/2025,C07,P03,R02,213,0.1,290
T0443,4/19/2025,C12,P04,R05,1422,0,1015
T0444,4/19/2025,C11,P04,R04,120,0.05,2745
T0445,4/19/2025,C11,P05,R03,257,0.35,2645
T0446,4/20/2025,C07,P01,R05,55,0,469
T0447,4/20/2025,C06,P05,R07,616,0,575
T0448,4/20/2025,C10,P05,R05,2400,0.35,1283
T0449,4/20/2025,C15,P04,R02,703,0.05,780
T0450,4/21/2025,C11,P01,R06,220,0,2420
T0451,4/21/2025,C01,P05,R08,214,0,288
T0452,4/21/2025,C06,P03,R08,2038,0,1116
T0453,4/21/2025,C10,P04,R08,1361,0.35,899
T0454,4/21/2025,C14,P02,R04,267,0.15,583
T0455,4/21/2025,C07,P03,R06,73,0.35,338
T0456,4/21/2025,C04,P03,R06,41,0.1,320
T0457,4/21/2025,C08,P04,R02,603,0.1,692
T0458,4/21/2025,C14,P02,R01,49,0.25,518
T0459,4/21/2025,C02,P03,R04,22,0.05,404
T0460,4/21/2025,C03,P01,R05,187,0,356
T0461,4/21/2025,C14,P02,R01,274,0.25,487
T0462,4/22/2025,C15,P02,R07,905,0.35,883
T0463,4/22/2025,C04,P05,R01,274,0.15,633
T0464,4/22/2025,C07,P03,R02,196,0,390
T0465,4/22/2025,C03,P05,R01,92,0.05,287
T0466,4/22/2025,C14,P05,R07,55,0,300
T0467,4/22/2025,C14,P02,R01,208,0.35,414
T0468,4/22/2025,C02,P01,R02,158,0.35,545
T0469,4/22/2025,C03,P01,R07,296,0.35,490
T0470,4/23/2025,C08,P02,R03,1151,0,730
T0471,4/23/2025,C10,P02,R01,625,0.25,812
T0472,4/23/2025,C05,P01,R08,282,0.35,3308
T0473,4/23/2025,C08,P03,R07,2408,0.05,1391
T0474,4/23/2025,C11,P05,R03,20,0.25,2770
T0475,4/24/2025,C15,P03,R06,340,0.35,445
T0476,4/24/2025,C09,P05,R05,913,0.15,4314
T0477,4/24/2025,C08,P01,R04,1979,0.05,1149
T0478,4/24/2025,C15,P03,R04,1221,0.1,793
T0479,4/24/2025,C01,P04,R07,176,0.05,661
T0480,4/24/2025,C05,P04,R01,251,0.1,1381
T0481,4/24/2025,C04,P04,R02,200,0.1,610
T0482,4/24/2025,C06,P03,R03,2121,0.05,1206
T0483,4/25/2025,C08,P04,R08,1229,0,923
T0484,4/25/2025,C10,P02,R02,,0.35,1074
T0485,4/25/2025,C05,P01,R02,259,0.1,1953
T0486,4/25/2025,C10,P04,R04,1241,0,1063
T0487,4/25/2025,C05,P05,R07,211,0.05,2761
T0488,4/25/2025,C04,P04,R06,288,0,411
T0489,4/25/2025,C08,P05,R05,2211,0.05,1173
T0490,4/26/2025,C10,P02,R07,,0.1,804
T0491,4/26/2025,C15,P01,R08,1192,0,916
T0492,4/26/2025,C11,P04,R08,223,0,1669
T0493,4/26/2025,C10,P04,R04,2298,0.15,1230
T0494,4/26/2025,C10,P05,R06,,0.15,774
T0495,4/26/2025,C06,P01,R04,1224,0.1,1002
T0496,4/27/2025,C01,P02,R03,177,0,559
T0497,4/27/2025,C10,P02,R05,2318,0.35,1448
T0498,4/27/2025,C02,P01,R03,270,0.05,678
T0499,4/27/2025,C09,P01,R05,2225,0.05,6002
T0500,4/27/2025,C01,P04,R08,154,0.35,273
T0501,4/27/2025,C08,P03,R08,750,0,809
T0502,4/27/2025,C14,P01,R05,119,0,389
T0503,4/28/2025,C03,P04,R04,94,0,405
T0504,4/28/2025,C05,P03,R04,242,0,2648
T0505,4/28/2025,C13,P05,R04,1063,0.1,672
T0506,4/28/2025,C09,P03,R05,1215,0.35,4797
T0507,4/28/2025,C08,P04,R03,2117,0,1267
T0508,4/28/2025,C13,P02,R02,854,0,921
T0509,4/28/2025,C12,P02,R08,2085,0.15,1117
T0510,4/28/2025,C14,P04,R01,141,0,319
T0511,4/28/2025,C13,P04,R01,,0.15,700
T0512,4/29/2025,C10,P03,R03,1391,0,999
T0513,4/29/2025,C07,P01,R08,118,0.15,566
T0514,4/29/2025,C15,P04,R03,2456,0,1533
T0515,4/29/2025,C11,P01,R04,225,0.25,2647
T0516,4/29/2025,C09,P03,R05,2361,0.05,5871
T0517,4/29/2025,C02,P05,R03,188,0.25,342
T0518,4/30/2025,C03,P05,R04,240,0.25,541
T0519,4/30/2025,C11,P03,R08,48,0.25,2282
T0520,4/30/2025,C02,P04,R05,255,0.1,633
T0521,5/1/2025,C01,P02,R03,55,0.25,482
T0522,5/1/2025,C01,P01,R08,103,0.15,322
T0523,5/1/2025,C01,P04,R02,210,0.35,349
T0524,5/1/2025,C12,P04,R07,1328,0,861
T0525,5/1/2025,C09,P04,R04,2465,0,5877
T0526,5/1/2025,C04,P01,R04,81,0.35,462
T0527,5/1/2025,C12,P02,R04,1276,0.15,878
T0528,,C07,P04,R08,257,0.25,325
T0529,5/2/2025,C12,P03,R03,1139,0,715
T0530,5/2/2025,C15,P01,R03,852,0.35,865
T0531,5/2/2025,C04,P03,R07,166,0,425
T0532,5/2/2025,C07,P03,R08,70,0,593
T0533,5/2/2025,C04,P01,R02,35,0,504
T0534,5/2/2025,C06,P04,R08,1749,0.1,1206
T0535,5/2/2025,C14,P01,R02,120,0.05,451
T0536,5/2/2025,C08,P01,R04,612,0.25,717
T0537,5/2/2025,C02,P05,R03,66,0,258
T0538,5/2/2025,C02,P04,R07,132,0.35,280
T0539,5/2/2025,C15,P04,R02,674,0.25,714
T0540,5/2/2025,C09,P05,R04,2105,0.25,5882
T0541,5/2/2025,C08,P03,R05,1569,0.35,1123
T0542,5/2/2025,C13,P03,R01,1314,0.35,974
T0543,5/2/2025,C02,P02,R03,152,0,376
T0544,5/3/2025,C07,P05,R02,73,0.15,452
T0545,5/3/2025,C01,P01,R02,227,0,336
T0546,5/3/2025,C02,P02,R04,269,0.25,456
T0547,5/3/2025,C11,P05,R01,101,0.1,2346
T0548,5/4/2025,C13,P03,R05,303,0.15,332
T0549,5/4/2025,C02,P01,R06,121,0.05,335
T0550,5/4/2025,C14,P01,R07,87,0.1,532
T0551,5/4/2025,C07,P04,R06,76,0,516
T0552,5/4/2025,C04,P04,R06,279,0.15,641
T0553,5/4/2025,C06,P01,R05,788,0.15,578
T0554,5/4/2025,C09,P04,R05,1424,0.15,4471
T0555,5/5/2025,C15,P01,R08,,0,655
T0556,5/5/2025,C07,P02,R04,79,0,470
T0557,5/5/2025,C10,P03,R05,848,0.05,581
T0558,5/5/2025,C02,P03,R05,41,0.05,434
T0559,5/5/2025,C09,P04,R01,1093,0.25,3789
T0560,5/5/2025,C09,P01,R02,699,0.05,3328
T0561,5/5/2025,C12,P03,R01,807,0.05,844
T0562,5/6/2025,C11,P03,R04,292,0.15,3133
T0563,5/6/2025,C06,P05,R01,1813,0.15,1249
T0564,5/6/2025,C01,P04,R06,171,0,632
T0565,5/6/2025,C10,P05,R06,2210,0.35,1308
T0566,5/6/2025,C08,P05,R07,1136,0,979
T0567,5/6/2025,C03,P05,R04,109,0,331
T0568,5/6/2025,C13,P04,R08,1147,0,920
T0569,5/6/2025,C02,P01,R08,144,0.1,556
T0570,5/6/2025,C05,P01,R04,179,0.05,1823
T0571,5/7/2025,C06,P02,R02,2205,0.25,1185
T0572,5/7/2025,C09,P01,R01,1538,0,5212
T0573,5/7/2025,C14,P04,R08,177,0,663
T0574,5/7/2025,C06,P03,R06,669,0.25,775
T0575,5/7/2025,C01,P03,R05,67,0,626
T0576,5/8/2025,C03,P04,R02,163,0,273
T0577,5/8/2025,C02,P03,R07,39,0.05,535
T0578,5/8/2025,C01,P03,R07,107,0.1,406
T0579,5/8/2025,C14,P05,R01,267,0.25,654
T0580,5/8/2025,C14,P01,R01,,0,607
T0581,5/9/2025,C08,P02,R08,744,0.05,652
T0582,5/9/2025,C11,P02,R06,247,0.35,3105
T0583,5/9/2025,C11,P02,R06,252,0,2003
T0584,5/9/2025,C14,P02,R08,267,0.25,624
T0585,5/10/2025,C04,P04,R06,157,0.05,381
T0586,5/10/2025,C11,P04,R03,194,0.05,1501
T0587,5/10/2025,C12,P04,R02,1616,0.1,876
T0588,5/10/2025,C08,P02,R08,1481,0.1,942
T0589,5/10/2025,C15,P01,R06,1152,0,984
T0590,5/10/2025,C09,P03,R03,1691,0.35,5441
T0591,5/10/2025,C06,P02,R07,1847,0.35,1217
T0592,5/10/2025,C08,P05,R08,1674,0,1076
T0593,5/11/2025,C04,P05,R03,74,0,272
T0594,5/11/2025,C05,P02,R07,213,0.1,2774
T0595,5/11/2025,C11,P04,R08,35,0.35,1187
T0596,5/11/2025,C13,P02,R04,411,0,671
T0597,5/11/2025,C06,P01,R05,402,0.15,744
T0598,5/12/2025,C14,P01,R05,100,0,480
T0599,5/12/2025,C08,P04,R05,1890,0.05,1042
T0600,5/12/2025,C03,P02,R08,107,0.35,255
T0601,5/12/2025,C14,P03,R02,154,0,631
T0602,5/12/2025,C01,P05,R03,63,0.35,413
T0603,5/13/2025,C02,P05,R03,157,0,528
T0604,5/13/2025,C12,P04,R01,,0,1149
T0605,5/13/2025,C03,P02,R04,282,0.1,689
T0606,5/13/2025,C04,P01,R02,150,0.15,288
T0607,5/13/2025,C03,P01,R05,235,0.1,356
T0608,5/13/2025,C09,P04,R06,1690,0.1,3930
T0609,5/14/2025,C14,P02,R05,40,0.1,460
T0610,5/14/2025,C13,P04,R06,1733,0,934
T0611,5/14/2025,C13,P02,R05,2306,0.35,1299
T0612,5/14/2025,C07,P02,R03,75,0.05,369
T0613,5/14/2025,C05,P01,R01,106,0.25,2809
T0614,5/14/2025,C11,P01,R06,229,0.35,1563
T0615,5/15/2025,C11,P05,R03,261,0.1,3281
T0616,5/15/2025,C03,P01,R03,62,0.1,336
T0617,5/15/2025,C02,P03,R01,237,0,593
T0618,5/15/2025,C08,P04,R06,574,0,696
T0619,5/15/2025,C09,P04,R07,389,0,3143
T0620,5/15/2025,C11,P04,R05,,0.25,3162
T0621,5/15/2025,C06,P02,R02,1592,0.05,1088
T0622,5/15/2025,C12,P05,R04,2368,0,1447
T0623,5/15/2025,C13,P03,R03,2424,0.15,1355
T0624,5/16/2025,C13,P05,R02,1526,0,1036
T0625,5/16/2025,C06,P03,R05,786,0.25,847
T0626,5/16/2025,C13,P04,R06,1903,0,1218
T0627,5/16/2025,C15,P01,R02,1182,0,911
T0628,5/16/2025,C06,P05,R03,954,0,704
T0629,5/16/2025,C07,P03,R01,97,0,508
T0630,5/16/2025,C07,P03,R06,81,0,610
T0631,5/16/2025,C04,P05,R07,183,0,534
T0632,5/16/2025,C01,P02,R06,286,0,452
T0633,5/17/2025,C08,P05,R04,925,0.1,837
T0634,5/17/2025,C09,P03,R08,606,0.25,3834
T0635,5/17/2025,C07,P03,R04,128,0.35,461
T0636,5/17/2025,C04,P04,R02,74,0,463
T0637,5/17/2025,C07,P04,R08,260,0,685
T0638,5/17/2025,C12,P04,R08,1674,0,1169
T0639,5/18/2025,C03,P03,R04,174,0.1,506
T0640,5/18/2025,C12,P02,R07,681,0,839
T0641,5/18/2025,C08,P02,R01,2217,0.1,1149
T0642,5/18/2025,C09,P03,R06,703,0.05,3629
T0643,5/18/2025,C03,P04,R02,216,0,374
T0644,5/18/2025,C08,P03,R06,358,0,613
T0645,5/18/2025,C07,P02,R06,30,0,251
T0646,5/19/2025,C10,P04,R08,2232,0,
T0647,5/19/2025,C07,P01,R02,83,0,272
T0648,5/19/2025,C04,P02,R02,86,0,
T0649,5/19/2025,C01,P05,R01,121,0.05,633
T0650,5/19/2025,C12,P03,R03,1866,0.35,1148
T0651,5/19/2025,C13,P02,R05,400,0.25,470
T0652,5/19/2025,C10,P01,R07,2488,0.15,1278
T0653,5/20/2025,C13,P01,R01,1687,0.1,966
T0654,5/20/2025,C06,P01,R08,768,0,739
T0655,5/20/2025,C03,P01,R05,144,0.1,542
T0656,5/20/2025,C01,P04,R01,297,0.1,563
T0657,5/20/2025,C07,P02,R07,108,0.15,330
T0658,5/21/2025,C09,P02,R03,2049,0.25,4388
T0659,5/21/2025,C03,P05,R04,240,0.35,405
T0660,5/21/2025,C11,P01,R02,280,0,2135
T0661,5/21/2025,C07,P03,R08,86,0,421
T0662,5/21/2025,C09,P05,R04,1039,0.15,3013
T0663,5/22/2025,C03,P03,R07,246,0,353
T0664,5/22/2025,C13,P05,R03,435,0.25,503
T0665,5/22/2025,C11,P05,R07,238,0.1,3127
T0666,5/22/2025,C12,P01,R02,1937,0,1233
T0667,5/22/2025,C15,P01,R04,2174,0.25,1287
T0668,5/22/2025,C10,P03,R02,1646,0.05,958
T0669,5/22/2025,C14,P04,R07,116,0,502
T0670,5/22/2025,C04,P02,R06,141,0,282
T0671,5/23/2025,C02,P03,R01,237,0.05,439
T0672,5/23/2025,C06,P03,R03,694,0.1,540
T0673,5/23/2025,C02,P02,R04,233,0.35,481
T0674,5/24/2025,C09,P04,R01,1467,0.15,3920
T0675,5/24/2025,C09,P01,R01,1570,0.05,4650
T0676,5/24/2025,C04,P03,R01,147,0.15,293
T0677,5/24/2025,C01,P02,R03,86,0.1,452
T0678,5/24/2025,C02,P04,R03,110,0.25,335
T0679,5/24/2025,C04,P05,R05,288,0.25,517
T0680,5/24/2025,C05,P05,R08,92,0.35,1253
T0681,5/25/2025,C09,P02,R05,1543,0.1,4939
T0682,5/25/2025,C05,P03,R05,,0,2160
T0683,5/26/2025,C15,P04,R01,1598,0,939
T0684,5/26/2025,C05,P04,R04,151,0.05,3156
T0685,5/26/2025,C08,P03,R02,2352,0.35,1233
T0686,5/26/2025,C14,P03,R02,249,0.15,635
T0687,5/26/2025,C02,P05,R07,89,0,398
T0688,5/26/2025,C10,P04,R04,1666,0,1051
T0689,5/26/2025,C14,P02,R02,68,0.05,441
T0690,5/26/2025,C14,P05,R01,98,0,308
T0691,5/26/2025,C11,P01,R08,209,0.05,2888
T0692,5/27/2025,C07,P05,R07,112,0.15,463
T0693,5/27/2025,C02,P02,R06,208,0.35,354
T0694,5/27/2025,C13,P05,R05,329,0.15,649
T0695,5/27/2025,C10,P03,R04,1412,0.25,1081
T0696,5/27/2025,C09,P05,R08,829,0.05,2493
T0697,5/27/2025,C07,P05,R04,136,0,518
T0698,5/27/2025,C09,P02,R06,2156,0.35,6054
T0699,5/27/2025,C06,P02,R03,1777,0.05,1264
T0700,5/27/2025,C08,P05,R02,860,0,931
T0701,5/27/2025,C15,P02,R05,1107,0.35,673
T0702,5/27/2025,C03,P02,R05,252,0.35,339
T0703,5/28/2025,C01,P03,R01,239,0.15,462
T0704,5/28/2025,C08,P02,R01,1535,0,933
T0705,5/28/2025,C09,P01,R04,1057,0,4155
T0706,5/28/2025,C11,P05,R06,223,0,1584
T0707,5/29/2025,C15,P04,R08,457,0,398
T0708,5/29/2025,C03,P04,R02,247,0.35,383
T0709,5/29/2025,C09,P05,R07,1975,0,5022
T0710,5/29/2025,C07,P04,R03,197,0.05,546
T0711,5/29/2025,C15,P02,R05,1580,0.05,
T0712,5/29/2025,C13,P01,R02,2204,0.1,1472
T0713,5/29/2025,C01,P03,R01,286,0,431
T0714,5/29/2025,C11,P01,R03,,0.15,2055
T0715,5/30/2025,C02,P05,R01,246,0,602
T0716,5/30/2025,C08,P01,R03,541,0,515
T0717,5/30/2025,C06,P03,R01,861,0,858
T0718,5/31/2025,C09,P03,R01,1271,0.15,4326
T0719,5/31/2025,C05,P03,R05,250,0.05,1515
T0720,5/31/2025,C04,P03,R01,69,0,556
T0721,6/1/2025,C12,P02,R06,1126,0,858
T0722,6/1/2025,C12,P05,R03,1469,0,911
T0723,6/2/2025,C06,P02,R05,2422,0.25,1288
T0724,6/2/2025,C04,P01,R07,221,0.15,291
T0725,6/2/2025,C02,P02,R07,282,0.05,531
T0726,6/2/2025,C06,P03,R02,845,0.05,539
T0727,6/2/2025,C04,P02,R01,248,0.05,335
T0728,6/3/2025,C11,P01,R04,104,0.05,1326
T0729,6/3/2025,C10,P04,R04,919,0,899
T0730,6/3/2025,C01,P01,R06,64,0,604
T0731,6/4/2025,C15,P04,R01,454,0,647
T0732,6/4/2025,C12,P04,R07,1049,0,915
T0733,6/5/2025,C11,P03,R01,206,0,1899
T0734,6/5/2025,C02,P03,R04,253,0.35,402
T0735,6/5/2025,C05,P05,R03,59,0,1368
T0736,6/5/2025,C03,P01,R01,223,0,496
T0737,6/5/2025,C03,P04,R07,141,0.1,517
T0738,6/6/2025,C05,P01,R07,170,0.1,3185
T0739,6/6/2025,C01,P02,R07,178,0.05,442
T0740,,C14,P05,R05,38,0.25,563
T0741,6/7/2025,C06,P04,R02,2435,0.05,1525
T0742,6/7/2025,C08,P05,R08,1096,0.25,838
T0743,6/8/2025,C01,P03,R07,230,0.15,447
T0744,6/8/2025,C11,P05,R01,126,0,2359
T0745,6/8/2025,C14,P05,R06,165,0,514
T0746,6/9/2025,C12,P01,R02,1820,0,1216
T0747,6/9/2025,C05,P04,R03,281,0,2711
T0748,6/9/2025,C01,P01,R05,298,0.25,700
T0749,6/10/2025,C06,P05,R08,1065,0,849
T0750,6/10/2025,C08,P05,R05,803,0,661
T0751,6/10/2025,C12,P01,R08,2035,0.25,1233
T0752,6/11/2025,C04,P05,R01,173,0.05,635
T0753,6/11/2025,C13,P04,R03,470,0,623
T0754,6/12/2025,C15,P01,R08,1523,0.25,859
T0755,6/12/2025,C07,P05,R07,253,0,334
T0756,6/13/2025,C15,P03,R07,969,0,874
T0757,6/13/2025,C12,P05,R04,1036,0,946
T0758,6/13/2025,C10,P03,R05,768,0,844
T0759,6/13/2025,C05,P02,R02,89,0.15,2548
T0760,6/16/2025,C10,P03,R01,1894,0.25,1066
T0761,6/16/2025,C02,P04,R03,38,0,383
T0762,6/16/2025,C14,P04,R08,141,0.25,263
T0763,6/16/2025,C08,P01,R01,1731,0.15,1156
T0764,6/16/2025,C07,P04,R08,156,0.1,474
T0765,6/17/2025,C10,P02,R04,1600,0.25,927
T0766,6/19/2025,C04,P05,R02,178,0.1,473
T0767,6/19/2025,C10,P01,R07,1158,0.15,860
T0768,6/19/2025,C03,P03,R08,191,0.35,634
T0769,6/20/2025,C12,P04,R01,332,0,435
T0770,6/20/2025,C05,P04,R06,151,0.1,2501
T0771,6/21/2025,C08,P02,R04,1149,0.05,887
T0772,6/21/2025,C08,P02,R02,1332,0,797
T0773,6/21/2025,C08,P04,R04,1806,0,1145
T0774,6/21/2025,C15,P05,R01,,0.15,1156
T0775,6/22/2025,C11,P03,R04,58,0.25,2892
T0776,6/22/2025,C07,P03,R06,210,0,463
T0777,6/22/2025,C02,P02,R04,191,0.05,601
T0778,6/22/2025,C01,P01,R05,290,0.25,368
T0779,6/22/2025,C06,P03,R04,,0.05,1168
T0780,6/23/2025,C01,P05,R05,34,0,495
T0781,6/23/2025,C04,P01,R07,238,0,308
T0782,6/24/2025,C06,P04,R05,1953,0.05,1047
T0783,6/25/2025,C12,P05,R06,,0.25,1261
T0784,6/25/2025,C09,P03,R03,1320,0,3015
T0785,6/25/2025,C11,P02,R06,117,0.35,2290
T0786,6/25/2025,C13,P01,R02,309,0.25,415
T0787,6/26/2025,C12,P01,R03,1566,0,1099
T0788,6/26/2025,C10,P05,R02,547,0.05,465
T0789,6/26/2025,C07,P01,R04,257,0.35,542
T0790,6/28/2025,C08,P05,R07,1559,0.15,1000
T0791,6/29/2025,C14,P02,R05,42,0.05,483
T0792,6/29/2025,C08,P05,R07,686,0,543
T0793,6/29/2025,C13,P03,R08,1972,0,1044
T0794,6/29/2025,C12,P02,R06,1610,0.1,947
T0795,6/30/2025,C03,P01,R06,244,0.35,422
T0796,6/30/2025,C05,P04,R07,239,0.05,2773
T0797,6/30/2025,C01,P04,R08,134,0,560
T0798,7/1/2025,C09,P04,R02,1670,0,4035
T0799,7/1/2025,C02,P05,R04,23,0.1,340
T0800,7/2/2025,C01,P05,R06,135,0.25,272
T0801,7/2/2025,C12,P01,R05,1401,0.35,1130
T0802,7/2/2025,C03,P04,R03,43,0.1,350
T0803,7/2/2025,C06,P01,R02,1838,0.1,1260
T0804,7/3/2025,C11,P03,R01,223,0,1399
T0805,7/4/2025,C05,P01,R04,277,0.05,2650
T0806,7/4/2025,C06,P04,R04,1685,0.05,1181
T0807,7/5/2025,C06,P02,R04,499,0.35,642
T0808,7/5/2025,C02,P05,R06,244,0.35,457
T0809,7/5/2025,C15,P02,R04,1598,0.05,1179
T0810,7/6/2025,C10,P03,R05,399,0.1,508
T0811,7/7/2025,C15,P04,R04,751,0,801
T0812,7/8/2025,C03,P04,R07,35,0.15,365
T0813,7/8/2025,C02,P04,R03,197,0.1,663
T0814,7/8/2025,C13,P04,R03,320,0.1,578
T0815,7/9/2025,C13,P02,R03,1386,0.1,1076
T0816,7/9/2025,C01,P05,R06,179,0,605
T0817,7/10/2025,C10,P01,R01,711,0.25,605
T0818,7/11/2025,C12,P05,R01,1596,0,1152
T0819,7/11/2025,C06,P04,R07,956,0.25,734
T0820,7/11/2025,C02,P03,R05,150,0.25,455
T0821,,C01,P04,R07,92,0.1,451
T0822,7/12/2025,C06,P02,R07,1732,0.05,966
T0823,,C02,P02,R07,255,0.05,483
T0824,7/13/2025,C12,P02,R07,551,0.05,692
T0825,7/13/2025,C12,P04,R06,1760,0.05,1247
T0826,7/14/2025,C08,P01,R03,2205,0,1284
T0827,7/14/2025,C04,P02,R04,203,0.15,558
T0828,7/15/2025,C01,P02,R02,295,0.35,468
T0829,7/15/2025,C01,P05,R07,178,0.1,589
T0830,7/15/2025,C12,P01,R05,1257,0.05,1084
T0831,7/16/2025,C05,P01,R02,86,0.25,2504
T0832,7/16/2025,C15,P03,R02,2165,0.35,1442
T0833,7/17/2025,C09,P02,R07,1189,0.1,3448
T0834,7/17/2025,C01,P05,R03,229,0.05,513
T0835,7/17/2025,C02,P01,R05,171,0.1,550
T0836,7/17/2025,C07,P04,R03,151,0.05,649
T0837,7/18/2025,C07,P01,R04,258,0,513
T0838,7/18/2025,C14,P04,R02,268,0.15,487
T0839,7/18/2025,C01,P02,R02,53,0,309
T0840,7/19/2025,C07,P02,R04,43,0,237
T0841,7/21/2025,C05,P05,R01,207,0,2685
T0842,7/21/2025,C06,P04,R06,1543,0,862
T0843,7/21/2025,C04,P02,R05,220,0.15,433
T0844,7/22/2025,C13,P03,R07,794,0.05,621
T0845,7/22/2025,C01,P04,R07,136,0,298
T0846,7/22/2025,C05,P05,R01,237,0.05,2695
T0847,7/22/2025,C07,P03,R03,107,0,273
T0848,7/23/2025,C05,P02,R07,200,0.1,1740
T0849,7/24/2025,C01,P02,R02,90,0.35,394
T0850,7/24/2025,C03,P03,R04,159,0.1,400
T0851,7/24/2025,C07,P01,R02,29,0,396
T0852,7/25/2025,C15,P04,R06,1596,0,1160
T0853,7/25/2025,C05,P05,R04,144,0,2556
T0854,7/25/2025,C12,P01,R06,1653,0.35,946
T0855,7/25/2025,C15,P05,R07,2132,0.25,1174
T0856,7/26/2025,C08,P04,R05,349,0.1,470
T0857,7/26/2025,C14,P04,R08,87,0.25,313
T0858,7/26/2025,C06,P04,R06,2106,0.15,1221
T0859,7/27/2025,C11,P03,R05,21,0.1,2066
T0860,7/27/2025,C10,P01,R02,481,0.25,750
T0861,7/28/2025,C15,P01,R05,1149,0.05,680
T0862,7/28/2025,C11,P01,R01,218,0.1,2102
T0863,7/28/2025,C01,P02,R02,32,0,369
T0864,7/29/2025,C14,P01,R08,69,0.05,473
T0865,7/29/2025,C13,P03,R04,1484,0.1,1180
T0866,7/30/2025,C13,P02,R06,1736,0.15,1081
T0867,7/30/2025,C13,P04,R02,577,0.15,505
T0868,7/30/2025,C15,P04,R08,1110,0,805
T0869,7/30/2025,C04,P04,R02,294,0,710
T0870,7/30/2025,C12,P01,R04,1202,0,798
T0871,8/1/2025,C14,P02,R06,290,0.25,567
T0872,8/1/2025,C13,P02,R04,1296,0.15,1019
T0873,8/1/2025,C08,P05,R06,862,0.05,647
T0874,8/1/2025,C10,P03,R07,2119,0.25,1124
T0875,8/2/2025,C14,P03,R07,238,0,550
T0876,8/2/2025,C11,P01,R05,180,0.05,3155
T0877,8/3/2025,C15,P05,R04,1854,0.05,996
T0878,8/3/2025,C11,P02,R08,93,0.05,1479
T0879,8/4/2025,C03,P01,R02,236,0.25,580
T0880,8/4/2025,C03,P02,R02,275,0,709
T0881,8/5/2025,C11,P03,R03,41,0.05,1591
T0882,8/5/2025,C03,P05,R05,91,0.15,434
T0883,8/5/2025,C15,P02,R08,2241,0.25,1104
T0884,8/5/2025,C06,P05,R08,1013,0.25,638
T0885,8/6/2025,C15,P04,R02,1583,0.05,914
T0886,8/6/2025,C11,P02,R08,177,0.25,1385
T0887,8/6/2025,C02,P01,R05,276,0,584
T0888,8/6/2025,C12,P04,R03,2474,0.25,1372
T0889,8/7/2025,C15,P04,R08,1655,0,1112
T0890,8/7/2025,C15,P05,R03,1867,0,1288
T0891,8/7/2025,C08,P02,R01,628,0.25,533
T0892,8/7/2025,C15,P05,R07,416,0,721
T0893,8/8/2025,C01,P05,R07,25,0.1,341
T0894,8/8/2025,C09,P01,R06,1118,0.25,4552
T0895,8/8/2025,C15,P02,R01,2331,0.1,1350
T0896,8/8/2025,C14,P04,R04,185,0.05,549
T0897,8/9/2025,C09,P05,R08,1062,0.15,2863
T0898,8/9/2025,C15,P02,R04,,0,1295
T0899,8/9/2025,C07,P01,R02,185,0,429
T0900,8/9/2025,C11,P03,R08,103,0,1409
T0901,8/11/2025,C03,P03,R05,196,0.25,532
T0902,8/11/2025,C01,P03,R05,61,0.15,580
T0903,8/11/2025,C11,P02,R05,188,0.35,2667
T0904,8/12/2025,C04,P01,R05,225,0.35,330
T0905,8/12/2025,C05,P03,R03,184,0.35,2926
T0906,8/12/2025,C08,P02,R04,1179,0.05,841
T0907,8/12/2025,C08,P01,R01,1012,0,937
T0908,8/13/2025,C11,P01,R02,131,0.15,1471
T0909,8/13/2025,C05,P03,R05,34,0.05,1631
T0910,8/13/2025,C10,P03,R06,2300,0.1,1378
T0911,8/13/2025,C15,P02,R07,2154,0.1,1395
T0912,8/14/2025,C11,P05,R05,228,0.15,3017
T0913,8/14/2025,C05,P02,R06,243,0,1734
T0914,8/15/2025,C12,P05,R08,2265,0,1372
T0915,8/15/2025,C07,P01,R06,234,0.1,685
T0916,8/16/2025,C07,P05,R06,168,0,455
T0917,8/16/2025,C02,P04,R04,262,0.15,685
T0918,8/17/2025,C07,P01,R07,154,0,
T0919,8/17/2025,C04,P04,R05,149,0.25,344
T0920,8/17/2025,C09,P03,R05,613,0.35,2394
T0921,8/18/2025,C03,P01,R01,210,0,575
T0922,8/18/2025,C03,P01,R04,229,0.35,384
T0923,8/20/2025,C15,P01,R08,1892,0,1180
T0924,8/21/2025,C01,P04,R04,87,0.15,277
T0925,8/21/2025,C08,P02,R07,1242,0.1,1023
T0926,8/22/2025,C05,P05,R01,96,0.15,2324
T0927,8/22/2025,C12,P01,R07,1526,0.05,880
T0928,8/22/2025,C07,P01,R02,283,0,515
T0929,8/22/2025,C03,P01,R02,183,0,406
T0930,8/22/2025,C09,P03,R04,2146,0.35,6209
T0931,8/22/2025,C08,P05,R08,2253,0.25,1133
T0932,8/23/2025,C09,P05,R06,864,0,3826
T0933,8/23/2025,C04,P02,R05,260,0,611
T0934,8/24/2025,C05,P05,R03,128,0,1327
T0935,8/24/2025,C04,P05,R06,248,0,516
T0936,8/25/2025,C12,P03,R06,1390,0,931
T0937,8/25/2025,C11,P05,R05,67,0,2555
T0938,8/25/2025,C01,P02,R01,68,0,466
T0939,8/25/2025,C05,P01,R05,33,0.1,1379
T0940,8/25/2025,C04,P02,R02,276,0.15,590
T0941,8/25/2025,C12,P02,R07,956,0.1,949
T0942,8/26/2025,C06,P03,R02,1982,0.1,1205
T0943,8/26/2025,C11,P01,R02,277,0.35,
T0944,8/27/2025,C12,P02,R03,2308,0.35,1425
T0945,8/28/2025,C05,P03,R08,98,0.15,1872
T0946,8/28/2025,C02,P05,R05,102,0,466
T0947,8/28/2025,C05,P01,R04,241,0,1941
T0948,8/28/2025,C10,P04,R05,1633,0.35,1226
T0949,8/30/2025,C08,P03,R03,582,0.1,776
T0950,8/30/2025,C14,P03,R04,57,0,537
T0951,8/31/2025,C08,P04,R06,2459,0.1,1477
T0952,8/31/2025,C12,P02,R08,337,0.1,733
T0953,9/1/2025,C11,P05,R06,115,0.25,2207
T0954,9/2/2025,C03,P03,R04,127,0,480
T0955,9/2/2025,C09,P04,R07,817,0.15,2545
T0956,9/2/2025,C09,P04,R02,2309,0,5368
T0957,9/2/2025,C05,P05,R07,57,0,1845
T0958,9/2/2025,C01,P03,R04,44,0.35,325
T0959,9/2/2025,C13,P01,R07,1164,0.05,853
T0960,9/3/2025,C08,P02,R07,1550,0.25,1035
T0961,9/3/2025,C02,P05,R02,56,0,435
T0962,9/3/2025,C02,P01,R06,198,0,307
T0963,9/3/2025,C08,P03,R02,2177,0.05,1123
T0964,9/3/2025,C15,P02,R07,385,0.05,485
T0965,9/4/2025,C13,P02,R05,364,0.1,359
T0966,9/4/2025,C01,P03,R01,99,0.15,625
T0967,9/5/2025,C07,P05,R08,115,0.25,423
T0968,9/6/2025,C12,P04,R08,977,0.25,854
T0969,9/6/2025,C13,P03,R06,2139,0,1257
T0970,9/6/2025,C03,P02,R04,277,0.05,318
T0971,9/7/2025,C04,P01,R07,253,0.15,614
T0972,9/7/2025,C04,P02,R08,237,0.25,297
T0973,9/7/2025,C13,P03,R08,2103,0.35,1193
T0974,9/8/2025,C06,P03,R05,1708,0,1090
T0975,9/8/2025,C04,P01,R04,272,0,502
T0976,9/8/2025,C05,P04,R04,56,0,1854
T0977,9/9/2025,C10,P02,R04,1908,0.15,1114
T0978,9/9/2025,C13,P01,R07,521,0.05,718
T0979,9/10/2025,C03,P05,R05,282,0,491
T0980,9/10/2025,C04,P05,R02,36,0,523
T0981,9/10/2025,C09,P01,R02,2132,0.1,4843
T0982,9/10/2025,C07,P03,R01,228,0.35,381
T0983,9/11/2025,C12,P02,R01,2486,0,1308
T0984,9/11/2025,C15,P04,R05,333,0.35,663
T0985,9/11/2025,C01,P01,R02,198,0,360
T0986,9/12/2025,C10,P01,R07,2323,0.1,1377
T0987,9/12/2025,C05,P01,R05,141,0.35,1346
T0988,9/13/2025,C07,P05,R02,72,0.25,337
T0989,9/14/2025,C14,P02,R08,205,0.35,311
T0990,9/14/2025,C04,P04,R06,216,0.1,302
T0991,9/14/2025,C01,P04,R06,190,0.15,415
T0992,9/14/2025,C02,P02,R07,244,0.1,426
T0993,9/15/2025,C05,P02,R03,244,0.35,2121
T0994,9/15/2025,C05,P03,R02,215,0.1,1932
T0995,9/17/2025,C13,P04,R01,2346,0.05,1491
T0996,9/17/2025,C07,P02,R05,98,0.15,582
T0997,9/18/2025,C07,P05,R08,210,0,562
T0998,9/18/2025,C15,P03,R08,1952,0.25,1169
T0999,9/18/2025,C14,P05,R01,224,0.35,403
T1000,9/18/2025,C08,P02,R07,958,0.25,700
T1001,9/18/2025,C09,P05,R03,789,0,3343
T1002,9/19/2025,C12,P05,R03,1735,0.25,1219
T1003,9/19/2025,C15,P05,R04,2030,0.35,1389
T1004,9/20/2025,C02,P02,R01,189,0.15,507
T1005,9/20/2025,C12,P03,R01,2255,0,1375
T1006,9/20/2025,C02,P02,R07,26,0,594
T1007,9/21/2025,C06,P01,R08,1388,0.05,952
T1008,9/21/2025,C09,P01,R06,2452,0,5783
T1009,9/21/2025,C13,P05,R05,714,0.05,779
T1010,9/21/2025,C12,P05,R04,2330,0,1276
T1011,9/22/2025,C12,P05,R01,2379,0.05,1299
T1012,9/23/2025,C09,P01,R07,2436,0,4974
T1013,9/23/2025,C08,P03,R01,489,0,715
T1014,9/23/2025,C10,P03,R03,1960,0.1,1274
T1015,9/24/2025,C02,P02,R02,190,0.35,373
T1016,9/24/2025,C05,P04,R04,179,0,2768
T1017,9/24/2025,C14,P05,R07,197,0.1,437
T1018,9/25/2025,C07,P01,R03,210,0.15,684
T1019,9/25/2025,C04,P02,R06,294,0.35,415
T1020,9/25/2025,C11,P05,R04,43,0,2029
T1021,9/25/2025,C01,P04,R06,240,0.05,598
T1022,9/25/2025,C05,P04,R03,280,0,3275
T1023,9/26/2025,C13,P05,R08,797,0.05,668
T1024,9/26/2025,C14,P02,R05,297,0.15,441
T1025,9/26/2025,C07,P04,R05,92,0.15,452
T1026,9/27/2025,C15,P03,R03,1304,0,1104
T1027,9/27/2025,C02,P03,R01,96,0.1,405
T1028,9/28/2025,C12,P01,R02,2227,0,1146
T1029,9/29/2025,C13,P01,R07,1046,0,952
T1030,9/29/2025,C04,P03,R01,292,0.35,395
T1031,9/30/2025,C04,P02,R07,88,0.25,272
T1032,9/30/2025,C15,P02,R08,1592,0.35,884
T1033,10/2/2025,C01,P03,R02,264,0.25,457
T1034,10/3/2025,C15,P04,R02,2138,0.25,1332
T1035,10/3/2025,C05,P01,R01,89,0.35,1568
T1036,10/3/2025,C13,P04,R05,352,0,419
T1037,10/4/2025,C09,P01,R06,1745,0,3822
T1038,10/5/2025,C14,P01,R01,54,0,412
T1039,10/5/2025,C07,P04,R03,283,0.35,335
T1040,10/5/2025,C01,P03,R02,74,0.35,238
T1041,10/5/2025,C01,P03,R04,139,0,521
T1042,10/7/2025,C13,P04,R01,1802,0,1221
T1043,10/7/2025,C06,P01,R03,2278,0.15,1131
T1044,10/7/2025,C03,P04,R04,207,0.35,667
T1045,10/7/2025,C10,P03,R07,1456,0,1026
T1046,10/8/2025,C05,P01,R07,113,0.35,1424
T1047,10/8/2025,C01,P02,R08,28,0,392
T1048,10/8/2025,C12,P04,R07,1706,0,1211
T1049,10/8/2025,C08,P03,R01,1013,0.15,610
T1050,10/8/2025,C01,P04,R03,268,0.25,418
T1051,10/8/2025,C09,P05,R03,1495,0.35,4577
T1052,10/9/2025,C08,P05,R06,305,0,403
T1053,10/10/2025,C11,P05,R05,149,0.1,2358
T1054,10/10/2025,C12,P05,R04,666,0.1,672
T1055,10/10/2025,C06,P05,R01,1558,0.25,1170
T1056,10/10/2025,C03,P01,R07,242,0.1,333
T1057,10/11/2025,C10,P01,R06,1160,0,714
T1058,10/11/2025,C05,P01,R04,246,0.1,2994
T1059,10/12/2025,C11,P01,R04,274,0.05,1696
T1060,10/13/2025,C07,P01,R05,33,0.05,387
T1061,10/13/2025,C07,P05,R03,139,0.35,624
T1062,10/14/2025,C15,P03,R03,1589,0.1,1018
T1063,10/14/2025,C15,P01,R07,2293,0,1246
T1064,10/15/2025,C10,P01,R03,645,0,736
T1065,10/15/2025,C13,P01,R04,1999,0.1,1022
T1066,,C07,P01,R06,200,0,597
T1067,10/17/2025,C05,P05,R05,243,0.25,2474
T1068,10/18/2025,C13,P03,R08,2458,0.1,1412
T1069,10/18/2025,C13,P05,R03,873,0.35,910
T1070,10/18/2025,C05,P03,R07,162,0.05,2053
T1071,10/18/2025,C01,P05,R02,211,0.05,461
T1072,10/19/2025,C08,P01,R08,377,0,737
T1073,10/19/2025,C02,P04,R01,47,0.35,219
T1074,10/20/2025,C12,P04,R02,2386,0.25,1162
T1075,10/20/2025,C14,P01,R06,65,0.35,375
T1076,10/20/2025,C05,P04,R04,43,0,1359
T1077,10/20/2025,C08,P04,R06,1539,0.1,1071
T1078,10/20/2025,C01,P03,R01,64,0.35,257
T1079,10/20/2025,C05,P05,R05,126,0,1744
T1080,10/21/2025,C13,P01,R07,647,0,792
T1081,10/22/2025,C07,P05,R04,,0,368
T1082,10/22/2025,C12,P02,R03,609,0,501
T1083,10/23/2025,C11,P01,R04,27,0.1,
T1084,10/23/2025,C06,P03,R07,1235,0.35,1072
T1085,10/24/2025,C07,P01,R07,22,0.15,435
T1086,10/24/2025,C06,P01,R06,2402,0.05,1475
T1087,10/24/2025,C07,P01,R06,111,0.35,623
T1088,10/24/2025,C05,P05,R07,144,0.05,1686
T1089,10/25/2025,C01,P03,R04,215,0.05,615
T1090,10/25/2025,C01,P05,R01,268,0,495
T1091,10/25/2025,C15,P03,R08,1647,0.35,1043
T1092,10/25/2025,C03,P04,R06,36,0,333
T1093,10/26/2025,C15,P02,R03,2286,0.25,1163
T1094,10/26/2025,C03,P01,R07,250,0,369
T1095,10/26/2025,C08,P03,R02,913,0.35,835
T1096,10/26/2025,C11,P03,R05,103,0,1254
T1097,10/26/2025,C15,P05,R04,700,0,678
T1098,10/27/2025,C07,P02,R04,39,0.15,448
T1099,10/27/2025,C06,P02,R08,2222,0.1,1326
T1100,10/27/2025,C09,P03,R04,986,0.15,4224
T1101,10/28/2025,C13,P01,R02,784,0.15,845
T1102,10/28/2025,C14,P03,R05,188,0.35,407
T1103,10/28/2025,C05,P04,R07,215,0,2802
T1104,10/29/2025,C08,P03,R03,1467,0,838
T1105,10/29/2025,C01,P03,R02,196,0.05,360
T1106,10/29/2025,C12,P03,R08,439,0.05,655
T1107,10/29/2025,C11,P02,R04,84,0.1,2771
T1108,10/29/2025,C11,P03,R06,177,0.15,2370
T1109,10/30/2025,C07,P04,R05,285,0,688
T1110,10/30/2025,C10,P01,R05,747,0.05,663
T1111,10/30/2025,C15,P03,R07,1361,0.15,896
T1112,10/30/2025,C03,P04,R03,238,0.25,514
T1113,10/30/2025,C04,P05,R08,111,0,469
T1114,10/30/2025,C07,P04,R03,63,0.1,282
T1115,10/31/2025,C06,P05,R05,1454,0,935
T1116,11/1/2025,C15,P01,R05,2496,0.35,1212
T1117,11/1/2025,C09,P02,R07,402,0,3478
T1118,11/1/2025,C09,P01,R01,1070,0.25,2670
T1119,11/1/2025,C13,P01,R05,2469,0.1,1488
T1120,11/2/2025,C01,P05,R02,298,0,634
T1121,11/2/2025,C08,P05,R02,1691,0.25,880
T1122,11/2/2025,C06,P04,R08,1171,0,842
T1123,11/3/2025,C03,P03,R03,260,0.35,699
T1124,11/3/2025,C06,P03,R03,1581,0.05,1155
T1125,11/4/2025,C11,P02,R04,191,0,2341
T1126,11/4/2025,C10,P04,R01,2365,0.35,1507
T1127,11/4/2025,C05,P01,R07,265,0,2702
T1128,11/5/2025,C10,P01,R02,1385,0.15,871
T1129,11/5/2025,C04,P05,R05,237,0.25,550
T1130,11/6/2025,C01,P03,R05,45,0,449
T1131,11/6/2025,C07,P02,R02,132,0.1,487
T1132,11/6/2025,C06,P01,R05,1536,0.1,1175
T1133,11/6/2025,C08,P01,R01,832,0.1,769
T1134,11/6/2025,C13,P04,R02,1250,0.35,993
T1135,11/7/2025,C07,P04,R08,62,0.35,517
T1136,11/7/2025,C06,P04,R07,1122,0,866
T1137,11/10/2025,C04,P01,R08,94,0,632
T1138,11/10/2025,C10,P05,R05,1654,0,1000
T1139,11/10/2025,C01,P05,R08,37,0.15,570
T1140,11/11/2025,C14,P04,R05,142,0.15,349
T1141,11/12/2025,C13,P01,R05,1387,0,1140
T1142,11/12/2025,C13,P01,R04,580,0,629
T1143,11/12/2025,C15,P03,R07,475,0.05,577
T1144,11/13/2025,C01,P05,R06,188,0.35,312
T1145,11/13/2025,C07,P01,R05,149,0,589
T1146,11/13/2025,C02,P01,R06,270,0,565
T1147,11/14/2025,C05,P04,R01,150,0.15,2740
T1148,11/15/2025,C07,P01,R01,252,0.15,596
T1149,11/15/2025,C03,P04,R08,94,0.1,431
T1150,11/16/2025,C04,P05,R02,299,0.1,655
T1151,11/16/2025,C02,P05,R04,90,0.35,289
T1152,11/16/2025,C04,P03,R04,58,0.15,482
T1153,11/16/2025,C03,P01,R06,265,0.05,587
T1154,11/16/2025,C04,P03,R02,128,0,606
T1155,11/17/2025,C09,P05,R08,650,0.1,3270
T1156,11/18/2025,C13,P01,R06,572,0.1,680
T1157,11/18/2025,C05,P03,R07,136,0.15,1444
T1158,11/20/2025,C13,P02,R07,1343,0.1,832
T1159,11/21/2025,C11,P03,R03,176,0,2184
T1160,11/21/2025,C12,P01,R01,2179,0,1254
T1161,11/21/2025,C15,P02,R03,527,0.35,590
T1162,11/22/2025,C05,P01,R04,281,0,2416
T1163,11/22/2025,C07,P01,R01,73,0,246
T1164,11/22/2025,C03,P02,R04,86,0,467
T1165,11/22/2025,C03,P02,R03,51,0.35,265
T1166,11/22/2025,C11,P02,R03,186,0,2884
T1167,11/23/2025,C02,P04,R01,168,0,645
T1168,11/23/2025,C02,P04,R08,34,0.1,575
T1169,11/24/2025,C15,P02,R04,1061,0.15,924
T1170,11/26/2025,C10,P02,R07,958,0,889
T1171,11/26/2025,C02,P04,R02,61,0.15,256
T1172,11/26/2025,C08,P03,R01,2465,0.15,1550
T1173,11/26/2025,C12,P04,R07,2185,0,1370
T1174,11/27/2025,C15,P04,R06,684,0.1,673
T1175,11/27/2025,C12,P02,R03,563,0,462
T1176,11/28/2025,C04,P03,R04,245,0.15,488
T1177,12/1/2025,C13,P05,R06,2252,0.15,1135
T1178,12/1/2025,C10,P03,R02,1897,0,1171
T1179,12/1/2025,C02,P02,R08,164,0.1,425
T1180,12/2/2025,C06,P01,R07,2078,0.1,1065
T1181,12/2/2025,C01,P02,R08,67,0.25,316
T1182,12/2/2025,C11,P05,R04,135,0.35,1702
T1183,12/2/2025,C08,P03,R03,1337,0,844
T1184,12/2/2025,C02,P05,R07,43,0.15,314
T1185,12/2/2025,C12,P03,R07,2424,0,1437
T1186,12/3/2025,C03,P02,R01,179,0.1,272
T1187,12/6/2025,C11,P02,R05,299,0.1,3448
T1188,12/6/2025,C06,P01,R03,519,0,678
T1189,12/6/2025,C02,P02,R04,241,0,341
T1190,12/7/2025,C04,P01,R04,246,0,662
T1191,12/7/2025,C08,P03,R04,1987,0.1,1195
T1192,12/7/2025,C13,P01,R07,791,0,853
T1193,12/7/2025,C10,P02,R03,716,0.25,823
T1194,12/7/2025,C10,P01,R08,2061,0.1,1051
T1195,12/8/2025,C06,P01,R02,1745,0,968
T1196,12/8/2025,C02,P05,R04,270,0.05,637
T1197,12/8/2025,C02,P02,R05,246,0.1,489
T1198,,C05,P04,R08,189,0.1,2523
T1199,12/9/2025,C05,P04,R01,185,0.25,2787
T1200,12/10/2025,C15,P04,R03,1882,0.25,1251
T1201,12/12/2025,C04,P03,R08,108,0.05,251
T1202,12/12/2025,C03,P01,R02,177,0,501
T1203,12/13/2025,C10,P01,R06,1882,0.25,1053
T1204,12/13/2025,C13,P04,R04,779,0.15,729
T1205,12/15/2025,C06,P01,R06,2013,0.25,1098
T1206,12/15/2025,C01,P04,R02,114,0.35,489
T1207,12/15/2025,C15,P03,R07,390,0.1,708
T1208,12/16/2025,C05,P03,R05,183,0.35,2359
T1209,12/16/2025,C14,P04,R07,158,0,342
T1210,12/17/2025,C10,P01,R01,2423,0.15,1310
T1211,12/17/2025,C04,P02,R04,35,0.05,324
T1212,12/17/2025,C06,P05,R05,1588,0.25,1047
T1213,12/18/2025,C09,P03,R06,1566,0.25,3449
T1214,12/18/2025,C02,P04,R07,57,0,453
T1215,12/18/2025,C12,P03,R06,1199,0.15,994
T1216,12/19/2025,C02,P03,R06,66,0,242
T1217,12/19/2025,C06,P05,R07,1484,0,912
T1218,12/19/2025,C02,P02,R05,151,0.05,563
T1219,12/20/2025,C14,P05,R08,291,0.15,685
T1220,12/20/2025,C12,P03,R06,1768,0,1095
T1221,12/20/2025,C11,P01,R06,57,0.35,1690
T1222,12/20/2025,C01,P02,R02,123,0,419
T1223,12/20/2025,C12,P02,R04,408,0.05,389
T1224,12/21/2025,C08,P03,R08,,0.15,742
T1225,12/21/2025,C09,P02,R01,1097,0.1,2865
T1226,12/22/2025,C13,P02,R07,2453,0,
T1227,12/22/2025,C01,P01,R05,131,0.35,647
T1228,12/23/2025,C08,P03,R01,1576,0.05,1066
T1229,12/23/2025,C12,P05,R03,2087,0.05,1402
T1230,12/24/2025,C03,P03,R06,148,0.35,275
T1231,12/24/2025,C08,P05,R03,1478,0,1017
T1232,12/24/2025,C13,P01,R04,1038,0.35,745
T1233,12/24/2025,C02,P01,R04,207,0.05,611
T1234,12/24/2025,C10,P01,R07,2145,0.35,1234
T1235,12/24/2025,C04,P03,R01,269,0.35,507
T1236,12/24/2025,C04,P02,R02,116,0.05,584
T1237,12/24/2025,C13,P02,R08,2032,0.15,1150
T1238,12/25/2025,C04,P04,R01,139,0,557
T1239,12/25/2025,C09,P03,R03,617,0,3525
T1240,12/25/2025,C12,P04,R03,724,0,676
T1241,12/25/2025,C13,P01,R02,1762,0,915
T1242,12/26/2025,C09,P01,R04,547,0,1955
T1243,12/26/2025,C12,P01,R01,1984,0,1239
T1244,12/27/2025,C12,P04,R08,1677,0,1002
T1245,12/27/2025,C11,P03,R08,162,0.1,1503
T1246,12/29/2025,C08,P04,R04,529,0.35,808
T1247,12/29/2025,C13,P01,R02,983,0.1,632
T1248,12/30/2025,C14,P01,R05,90,0,324
T1249,12/30/2025,C06,P05,R01,1960,0,1313
T1250,12/31/2025,C10,P03,R08,630,0.35,780
